letter_a,letter_b,distance
a,a,2.728861
a,b,3.342182
a,d,3.520677
a,e,3.462586
a,f,3.401028
a,g,3.347828
a,h,3.280333
a,i,3.391173
a,j,3.337121
a,k,3.220927
a,l,3.432514
a,m,3.324472
a,n,3.430278
a,o,3.258298
a,p,3.296474
a,r,3.367420
a,s,3.302179
a,t,3.229531
a,u,3.294650
a,v,3.470598
a,y,3.295865
a,ä,3.187852
a,ö,3.514694
b,a,3.342182
b,b,2.636013
b,d,3.298390
b,e,3.242785
b,f,3.343361
b,g,3.254426
b,h,3.175122
b,i,3.245790
b,j,3.358468
b,k,3.120533
b,l,3.283584
b,m,3.262333
b,n,3.301811
b,o,3.255172
b,p,3.106664
b,r,3.291183
b,s,3.225419
b,t,3.156578
b,u,3.256533
b,v,3.296141
b,y,3.178301
b,ä,3.122021
b,ö,3.420489
d,a,3.520677
d,b,3.298390
d,d,2.864259
d,e,3.329988
d,f,3.405446
d,g,3.448987
d,h,3.292611
d,i,3.343937
d,j,3.430048
d,k,3.313222
d,l,3.337792
d,m,3.388792
d,n,3.361086
d,o,3.419256
d,p,3.238796
d,r,3.418237
d,s,3.369262
d,t,3.299896
d,u,3.437720
d,v,3.481900
d,y,3.246199
d,ä,3.377479
d,ö,3.429203
e,a,3.462586
e,b,3.242785
e,d,3.329988
e,e,2.755529
e,f,3.334033
e,g,3.293957
e,h,3.304419
e,i,3.364012
e,j,3.280045
e,k,3.131070
e,l,3.269475
e,m,3.183748
e,n,3.318331
e,o,3.240868
e,p,3.173375
e,r,3.231389
e,s,3.279574
e,t,3.090400
e,u,3.296710
e,v,3.297388
e,y,3.189360
e,ä,3.296604
e,ö,3.345218
f,a,3.401028
f,b,3.343361
f,d,3.405446
f,e,3.334033
f,f,2.729913
f,g,3.373897
f,h,3.285426
f,i,3.357186
f,j,3.281180
f,k,3.202789
f,l,3.360144
f,m,3.314582
f,n,3.215192
f,o,3.205738
f,p,3.207972
f,r,3.364721
f,s,3.318965
f,t,3.243218
f,u,3.249342
f,v,3.382583
f,y,3.147729
f,ä,3.231634
f,ö,3.359670
g,a,3.347828
g,b,3.254426
g,d,3.448987
g,e,3.293957
g,f,3.373897
g,g,2.809155
g,h,3.297343
g,i,3.422327
g,j,3.269297
g,k,3.259223
g,l,3.437578
g,m,3.361860
g,n,3.379589
g,o,3.272223
g,p,3.267203
g,r,3.260890
g,s,3.219904
g,t,3.234255
g,u,3.263466
g,v,3.555608
g,y,3.268550
g,ä,3.257163
g,ö,3.442298
h,a,3.280333
h,b,3.175122
h,d,3.292611
h,e,3.304419
h,f,3.285426
h,g,3.297343
h,h,2.701637
h,i,3.221205
h,j,3.318331
h,k,3.052456
h,l,3.283290
h,m,3.344317
h,n,3.189246
h,o,3.221264
h,p,3.149902
h,r,3.306668
h,s,3.081013
h,t,3.107188
h,u,3.147664
h,v,3.371264
h,y,3.153882
h,ä,3.138610
h,ö,3.429869
i,a,3.391173
i,b,3.245790
i,d,3.343937
i,e,3.364012
i,f,3.357186
i,g,3.422327
i,h,3.221205
i,i,2.707360
i,j,3.371911
i,k,3.213380
i,l,3.349095
i,m,3.276715
i,n,3.249155
i,o,3.245594
i,p,3.210050
i,r,3.278515
i,s,3.199242
i,t,3.129035
i,u,3.238342
i,v,3.364987
i,y,3.180848
i,ä,3.224364
i,ö,3.480885
j,a,3.337121
j,b,3.358468
j,d,3.430048
j,e,3.280045
j,f,3.281180
j,g,3.269297
j,h,3.318331
j,i,3.371911
j,j,2.719855
j,k,3.282254
j,l,3.277945
j,m,3.255847
j,n,3.291304
j,o,3.200377
j,p,3.223036
j,r,3.302041
j,s,3.208390
j,t,3.199272
j,u,3.142162
j,v,3.429533
j,y,3.191567
j,ä,3.201922
j,ö,3.375669
k,a,3.220927
k,b,3.120533
k,d,3.313222
k,e,3.131070
k,f,3.202789
k,g,3.259223
k,h,3.052456
k,i,3.213380
k,j,3.282254
k,k,2.599119
k,l,3.189007
k,m,3.180181
k,n,3.172307
k,o,3.085929
k,p,3.111414
k,r,3.192402
k,s,3.085811
k,t,3.065390
k,u,3.192422
k,v,3.214585
k,y,3.130027
k,ä,3.140645
k,ö,3.249794
l,a,3.432514
l,b,3.283584
l,d,3.337792
l,e,3.269475
l,f,3.360144
l,g,3.437578
l,h,3.283290
l,i,3.349095
l,j,3.277945
l,k,3.189007
l,l,2.747938
l,m,3.245724
l,n,3.328694
l,o,3.338002
l,p,3.195327
l,r,3.301547
l,s,3.257918
l,t,3.224227
l,u,3.296896
l,v,3.400497
l,y,3.251376
l,ä,3.353882
l,ö,3.327631
m,a,3.324472
m,b,3.262333
m,d,3.388792
m,e,3.183748
m,f,3.314582
m,g,3.361860
m,h,3.344317
m,i,3.276715
m,j,3.255847
m,k,3.180181
m,l,3.245724
m,m,2.710731
m,n,3.288759
m,o,3.237333
m,p,3.257146
m,r,3.254953
m,s,3.299982
m,t,3.150280
m,u,3.234770
m,v,3.334978
m,y,3.195958
m,ä,3.224341
m,ö,3.424200
n,a,3.430278
n,b,3.301811
n,d,3.361086
n,e,3.318331
n,f,3.215192
n,g,3.379589
n,h,3.189246
n,i,3.249155
n,j,3.291304
n,k,3.172307
n,l,3.328694
n,m,3.288759
n,n,2.748007
n,o,3.229743
n,p,3.205155
n,r,3.329680
n,s,3.202872
n,t,3.137533
n,u,3.239041
n,v,3.395096
n,y,3.189438
n,ä,3.195255
n,ö,3.380160
o,a,3.258298
o,b,3.255172
o,d,3.419256
o,e,3.240868
o,f,3.205738
o,g,3.272223
o,h,3.221264
o,i,3.245594
o,j,3.200377
o,k,3.085929
o,l,3.338002
o,m,3.237333
o,n,3.229743
o,o,2.653831
o,p,3.210250
o,r,3.178676
o,s,3.201698
o,t,3.070811
o,u,3.238505
o,v,3.309488
o,y,3.150438
o,ä,3.179621
o,ö,3.325753
p,a,3.296474
p,b,3.106664
p,d,3.238796
p,e,3.173375
p,f,3.207972
p,g,3.267203
p,h,3.149902
p,i,3.210050
p,j,3.223036
p,k,3.111414
p,l,3.195327
p,m,3.257146
p,n,3.205155
p,o,3.210250
p,p,2.557003
p,r,3.263484
p,s,3.129248
p,t,3.127534
p,u,3.165437
p,v,3.375112
p,y,3.033348
p,ä,3.113424
p,ö,3.232891
r,a,3.367420
r,b,3.291183
r,d,3.418237
r,e,3.231389
r,f,3.364721
r,g,3.260890
r,h,3.306668
r,i,3.278515
r,j,3.302041
r,k,3.192402
r,l,3.301547
r,m,3.254953
r,n,3.329680
r,o,3.178676
r,p,3.263484
r,r,2.669964
r,s,3.265674
r,t,3.172543
r,u,3.273304
r,v,3.287355
r,y,3.215608
r,ä,3.256952
r,ö,3.397050
s,a,3.302179
s,b,3.225419
s,d,3.369262
s,e,3.279574
s,f,3.318965
s,g,3.219904
s,h,3.081013
s,i,3.199242
s,j,3.208390
s,k,3.085811
s,l,3.257918
s,m,3.299982
s,n,3.202872
s,o,3.201698
s,p,3.129248
s,r,3.265674
s,s,2.685421
s,t,3.095130
s,u,3.136503
s,v,3.406168
s,y,3.106562
s,ä,3.138778
s,ö,3.357434
t,a,3.229531
t,b,3.156578
t,d,3.299896
t,e,3.090400
t,f,3.243218
t,g,3.234255
t,h,3.107188
t,i,3.129035
t,j,3.199272
t,k,3.065390
t,l,3.224227
t,m,3.150280
t,n,3.137533
t,o,3.070811
t,p,3.127534
t,r,3.172543
t,s,3.095130
t,t,2.530086
t,u,3.155744
t,v,3.245941
t,y,3.035556
t,ä,3.050189
t,ö,3.289093
u,a,3.294650
u,b,3.256533
u,d,3.437720
u,e,3.296710
u,f,3.249342
u,g,3.263466
u,h,3.147664
u,i,3.238342
u,j,3.142162
u,k,3.192422
u,l,3.296896
u,m,3.234770
u,n,3.239041
u,o,3.238505
u,p,3.165437
u,r,3.273304
u,s,3.136503
u,t,3.155744
u,u,2.704512
u,v,3.405071
u,y,3.137730
u,ä,3.022298
u,ö,3.435114
v,a,3.470598
v,b,3.296141
v,d,3.481900
v,e,3.297388
v,f,3.382583
v,g,3.555608
v,h,3.371264
v,i,3.364987
v,j,3.429533
v,k,3.214585
v,l,3.400497
v,m,3.334978
v,n,3.395096
v,o,3.309488
v,p,3.375112
v,r,3.287355
v,s,3.406168
v,t,3.245941
v,u,3.405071
v,v,2.791491
v,y,3.271408
v,ä,3.336923
v,ö,3.501967
y,a,3.295865
y,b,3.178301
y,d,3.246199
y,e,3.189360
y,f,3.147729
y,g,3.268550
y,h,3.153882
y,i,3.180848
y,j,3.191567
y,k,3.130027
y,l,3.251376
y,m,3.195958
y,n,3.189438
y,o,3.150438
y,p,3.033348
y,r,3.215608
y,s,3.106562
y,t,3.035556
y,u,3.137730
y,v,3.271408
y,y,2.654199
y,ä,3.088087
y,ö,3.353682
ä,a,3.187852
ä,b,3.122021
ä,d,3.377479
ä,e,3.296604
ä,f,3.231634
ä,g,3.257163
ä,h,3.138610
ä,i,3.224364
ä,j,3.201922
ä,k,3.140645
ä,l,3.353882
ä,m,3.224341
ä,n,3.195255
ä,o,3.179621
ä,p,3.113424
ä,r,3.256952
ä,s,3.138778
ä,t,3.050189
ä,u,3.022298
ä,v,3.336923
ä,y,3.088087
ä,ä,2.507287
ä,ö,3.430657
ö,a,3.514694
ö,b,3.420489
ö,d,3.429203
ö,e,3.345218
ö,f,3.359670
ö,g,3.442298
ö,h,3.429869
ö,i,3.480885
ö,j,3.375669
ö,k,3.249794
ö,l,3.327631
ö,m,3.424200
ö,n,3.380160
ö,o,3.325753
ö,p,3.232891
ö,r,3.397050
ö,s,3.357434
ö,t,3.289093
ö,u,3.435114
ö,v,3.501967
ö,y,3.353682
ö,ä,3.430657
ö,ö,2.748817
