input,lower_deck_output,upper_deck_winner,winner_activation,target,target_activation,excluded,over_threshold
###ylnkmkf###,eyyfômf,parfumé,0.064973,,,0,0
###jsaçèhb###,sanbbpu,bourbon,0.014501,,,0,0
###ïkêçtêf###,ftufêtt,parfait,0.018780,,,0,0
###qkuteôx###,quqtqex,terreux,0.044951,,,0,0
###cnuvetg###,cevvent,couvent,0.245614,,,0,0
###pjêsrûr###,pêêsrir,pourrir,0.093326,,,0,0
###mfüêjju###,jujjêou,déjouer,0.061704,,,0,0
###émiéîqî###,éqmridé,élément,0.005800,,,0,0
###oôpfiqu###,opqquux,orateur,0.013164,,,0,0
###ôozntze###,zozegte,zézette,0.450869,,,0,0
###éxuqlüâ###,éléquul,éduquer,0.035541,,,0,0
###vpxcdçu###,viaduuu,vendeur,0.019316,,,0,0
###ççfcfuà###,fffrfvu,truffer,0.058183,,,0,0
###yôêüïàz###,oyyryèo,paysage,0.009954,,,0,0
###ostxsjv###,olovsot,opposer,0.080660,,,0,0
###ebqôaàz###,eeeaqas,blesser,0.011683,,,0,0
###zsrçyxu###,zyaseuu,sursaut,0.050166,,,0,0
###azbéèek###,abzeèze,absence,0.002468,,,0,0
###oiïnçil###,onilili,oeillet,0.022969,,,0,0
###dhfdpbû###,dhâphpu,drapeau,0.078112,,,0,0
###êdlvtgl###,dlvgrgt,daigner,0.043424,,,0,0
###hjîfïêï###,hhâhêod,honnête,0.032100,,,0,0
###tqèèyàj###,qyntèèt,mystère,0.135647,,,0,0
###vfmïjli###,famviii,falaise,0.044693,,,0,0
###çvsoipg###,oosragg,losange,0.022743,,,0,0
###tprèemn###,tèrmrnn,tartine,0.035063,,,0,0
###yüévèjc###,jjycopé,douceur,0.015089,,,0,0
###lkmoaor###,lororor,ligoter,0.006003,,,0,0
###tépvqps###,ttéppps,stopper,0.244429,,,0,0
###éûsbpwü###,écbabpn,échoppe,0.061842,,,0,0
###soxoîzv###,soovvvs,convive,0.064511,,,0,0
###efwççwç###,efeeçon,médecin,0.005658,,,0,0
###éüàpcgk###,épégggg,éponger,0.337645,,,0,0
###ïbtôexm###,gâglemx,rugueux,0.005574,,,0,0
###nwjhïnï###,jhnnhon,honneur,0.289587,,,0,0
###qxkrïçs###,qiassus,châssis,0.012759,,,0,0
###ksjybep###,syepppo,stopper,0.039392,,,0,0
###éapîêêi###,appeêii,appétit,0.010259,,,0,0
###ôowghvl###,gôôvgil,portail,0.009444,,,0,0
###omvlàoq###,omooooc,omettre,0.019922,,,0,0
###éyûdèôx###,éxxtèux,exécrer,0.015911,,,0,0
###tmépkôa###,tmémant,anémone,0.026356,,,0,0
###riûeîïï###,irrrimt,récrier,0.018386,,,0,0
###pçuümka###,piupaan,pillage,0.016186,,,0,0
###xécikvr###,écxréer,écarter,0.014679,,,0,0
###âmhoâsm###,hâbhems,bonheur,0.016142,,,0,0
###éonrâjî###,écérort,météore,0.016384,,,0,0
###üoïhrha###,hrhahpt,exhaler,0.010518,,,0,0
###iwüàjïa###,iintaat,bivouac,0.001185,,,0,0
###wlàôsiq###,leilqas,quelles,0.006940,,,0,0
###engâtju###,enguuat,engager,0.007134,,,0,0
###gozpkêh###,dêohhdo,trophée,0.073255,,,0,0
###cgràâïé###,chrcigé,cerceau,0.046003,,,0,0
###gsxâzyk###,gxggwux,gigoter,0.211537,,,0,0
###jtgéajb###,jéjebao,charbon,0.004118,,,0,0
###üçcqels###,cecllls,cercler,0.055114,,,0,0
###zkxhüqh###,zrahhux,crapaud,0.019330,,,0,0
###wîuqüôw###,qluqqus,planque,0.177149,,,0,0
###vjûpijo###,jijeioo,voilier,0.046637,,,0,0
###àyàügâq###,lyglyèn,engluer,0.037979,,,0,0
###zdtznyh###,dinghuo,zingaro,0.841270,,,0,0
###rimèukü###,rimueum,rigueur,0.058997,,,0,0
###bnkufkg###,bénufir,bonheur,0.006516,,,0,0
###ûûoomwî###,oroûçon,croûton,0.431404,,,0,0
###üçpçpés###,pappsss,paresse,0.023869,,,0,0
###môzadui###,mauaiam,maudire,0.015367,,,0,0
###imzknsh###,imohmng,imputer,0.012352,,,0,0
###twéqufi###,ttétifi,tréteau,0.061296,,,0,0
###vdàèîâè###,vynèèro,visière,0.127375,,,0,0
###uiûjscy###,unuleus,unisson,0.058701,,,0,0
###ezyâgkp###,zieetir,zyeuter,0.009674,,,0,0
###bqrlgje###,blllgie,saillie,0.006281,,,0,0
###isbmfêf###,bmiffdf,drifter,0.029719,,,0,0
###oàkrârx###,omorrer,orateur,0.022010,,,0,0
###hhdjxsk###,hôchius,douille,0.011765,,,0,0
###èéjhxqc###,ééuècux,vacance,0.007727,,,0,0
###vkruèké###,vueuevé,volupté,0.019007,,,0,0
###zgsabqe###,gyaerue,gazelle,0.015541,,,0,0
###èlmfoib###,fémèbon,février,0.051934,,,0,0
###kbçfüüx###,buûleox,brumeux,0.007005,,,0,0
###cmjhaeü###,chmeste,combine,0.002567,,,0,0
###abzuxhx###,axxhhux,anxieux,0.062388,,,0,0
###kàbgpâa###,blppaad,élevage,0.005605,,,0,0
###dqvuôjf###,dueufus,dresser,0.077293,,,0,0
###lâmmnry###,llôryyr,élargir,0.017887,,,0,0
###sdypzüç###,dypppen,déraper,0.044083,,,0,0
###wyïêziw###,lyqiemx,égoïsme,0.007799,,,0,0
###qèlrkkz###,qroller,exalter,0.000718,,,0,0
###hîsveôç###,hhôvsse,hôtesse,0.022919,,,0,0
###vjèhyfu###,hyuueou,caillou,0.002363,,,0,0
###fêâçjxf###,fââffix,griffer,0.077556,,,0,0
###àtûsxes###,hôesesx,affreux,0.006274,,,0,0
###ïïkcâàc###,cccceck,précoce,0.039889,,,0,0
###enquwün###,enennnn,enquête,0.008325,,,0,0
###kcqguôt###,qlquiet,inquiet,0.051896,,,0,0
###ékcvakî###,épévaal,élevage,0.016327,,,0,0
###qôtlézr###,qlôlrer,altérer,0.009691,,,0,0
###fémptuü###,fémutuf,février,0.027614,,,0,0
###ûqûgâmx###,glgleux,coûteux,0.016409,,,0,0
###zifhohz###,fimhhho,piocher,0.053045,,,0,0
###üqopjao###,qopnioo,complot,0.002255,,,0,0
###qïkaizà###,fiaqieo,miauler,0.011789,,,0,0
###wâhuçûç###,tâupeox,fâcheux,0.013762,,,0,0
###rfteêhr###,reêêhir,revêtir,0.060746,,,0,0
###osysîwt###,ooosiat,odorant,0.013701,,,0,0
###dtêbirj###,dibêiio,dévêtir,0.011516,,,0,0
###âcdlsçj###,clécels,clément,0.020055,,,0,0
###jzbdçêé###,dajjêdé,joindre,0.012292,,,0,0
###uifâdhx###,fuuieux,douteux,0.022466,,,0,0
###àyzjîêi###,zépêêio,jaillir,0.017937,,,0,0
###bhgêvqq###,bêgqqur,branque,0.140477,,,0,0
###hmhslbu###,hubbbou,huileux,0.031084,,,0,0
###âuôdjêè###,dupêêis,baptême,0.046580,,,0,0
###tkbbxüî###,brttbné,battant,0.029666,,,0,0
###qsqçsfê###,qlssêos,quelles,0.041430,,,0,0
###ûtêlàzà###,dôvêlle,dévaler,0.191937,,,0,0
###hêmïceu###,humeuue,hameçon,0.072710,,,0,0
###rîzêqôx###,rinpêux,rongeur,0.030437,,,0,0
###êomrqîâ###,zmmêooo,hameçon,0.002525,,,0,0
###péâxnfj###,plnffnx,plisser,0.031822,,,0,0
###âêkcûzr###,zmûrrur,amarrer,0.002471,,,0,0
###swyîbsv###,synsbas,siennes,0.038394,,,0,0
###ûûhavdc###,bvvlhhu,dépêche,0.001389,,,0,0
###cêqwçep###,cleeppe,calepin,0.032556,,,0,0
###èqoneéç###,ogsenge,offense,0.001667,,,0,0
###focèleé###,focoléé,fouille,0.059999,,,0,0
###rèxfblt###,ronfllt,renfort,0.008502,,,0,0
###ynêxôgm###,dnglêmm,engluer,0.046502,,,0,0
###mbûtpoè###,mmotton,mention,0.116682,,,0,0
###kêbïwzî###,blajeck,blanche,0.214183,,,0,0
###kyzèfrè###,zynyèèo,zyeuter,0.424944,,,0,0
###rüwjêèr###,rênêêir,revêtir,0.024516,,,0,0
###vuèüdqî###,vuaèqus,vigueur,0.008909,,,0,0
###szaîüïq###,syasqus,flasque,0.052513,,,0,0
###hààâfhr###,hhâhhir,choisir,0.021158,,,0,0
###shfiâbï###,shibfau,shooter,0.221525,,,0,0
###xxoqkèü###,oxxaeex,exhaler,0.086654,,,0,0
###îjàçétl###,jléllté,jaillir,0.022291,,,0,0
###orasàûr###,ororrrr,oranger,0.006842,,,0,0
###çbmüafï###,bmfraau,berceau,0.008723,,,0,0
###kwvbtuî###,vluttdu,blottir,0.050745,,,0,0
###wuçnaqü###,quaaqan,crachat,0.002499,,,0,0
###nôêphàé###,hénphhé,dauphin,0.016502,,,0,0
###iàqwqâm###,iimuqui,mimique,0.517057,,,0,0
###dpygaly###,drylyyo,douleur,0.273244,,,0,0
###çvddçkç###,dddpand,coupant,0.048669,,,0,0
###omâbouê###,ommoêoc,immonde,0.010373,,,0,0
###lxèyzhw###,lauhhyé,trophée,0.024252,,,0,0
###hsûapqm###,hhahbué,bonheur,0.005496,,,0,0
###zqôssdô###,zinsaud,dessous,0.005287,,,0,0
###dhqléod###,dholoid,droguer,0.091970,,,0,0
###oyèôkçf###,oyotèyf,odorant,0.015267,,,0,0
###àtfsîxt###,tiûsett,présent,0.006641,,,0,0
###îâxizor###,zxiiror,maigrir,0.004274,,,0,0
###îdxkfqî###,dcxfndr,drifter,0.007762,,,0,0
###éîpzâfb###,écmebrk,aimable,0.009380,,,0,0
###glkfüîd###,gléfond,goéland,0.135985,,,0,0
###ççwfwüç###,fiapçtn,adapter,0.018331,,,0,0
###âoûôàfo###,hôtooyc,affront,0.005251,,,0,0
###çsûmhtâ###,zhbhtot,souhait,0.021148,,,0,0
###fwsîüïf###,fléffmf,flotter,0.051316,,,0,0
###fkiêbêy###,bitêyôo,buvette,0.011764,,,0,0
###àaçbxrz###,araûbux,abattre,0.002672,,,0,0
###igrotmj###,ggootti,griotte,0.018478,,,0,0
###ûjxûèzi###,cxûûemx,coûteux,0.200944,,,0,0
###yloüsct###,omocsat,brocart,0.010125,,,0,0
###fïhaékw###,ffaaôhé,falaise,0.022267,,,0,0
###îêitxrr###,irirrêr,flirter,0.009198,,,0,0
###qîüshài###,qhosiii,choquer,0.237890,,,0,0
###isàczer###,iiscber,risquer,0.002370,,,0,0
###bnmjkîj###,blmjnmé,bonjour,0.071752,,,0,0
###iààçfià###,iiillié,idiotie,0.012820,,,0,0
###hiqèwlj###,hiililé,cellule,0.028993,,,0,0
###çldivaf###,deifaaf,profane,0.006551,,,0,0
###çnûûüîw###,nlûûbnn,coûteux,0.014288,,,0,0
###fczçkwü###,flfûfyn,affûter,0.083563,,,0,0
###zïïymvp###,gyapavt,frapper,0.111650,,,0,0
###ârçsdhé###,rauhhdé,rythmer,0.005450,,,0,0
###oîtïwâà###,olooêtt,égoïste,0.026085,,,0,0
###uêayvoô###,uuvvoau,mouvoir,0.015876,,,0,0
###dgïuyfà###,dàguumé,déduire,0.013760,,,0,0
###ïdoqïbè###,qooèbos,confins,0.006329,,,0,0
###êôfoüàd###,défroyd,microbe,0.001185,,,0,0
###fqpcèiè###,fèéèèii,filière,0.023389,,,0,0
###povmaük###,poovaad,pillage,0.004286,,,0,0
###àâqrhil###,qâbrioi,meurtri,0.013327,,,0,0
###wlncaâf###,clifaaf,blafard,0.012727,,,0,0
###üîlbççw###,blabblé,blanche,0.009804,,,0,0
###hyedînü###,hyyeynn,hameçon,0.017432,,,0,0
###jefüuoü###,jecoooi,notoire,0.001926,,,0,0
###eyîyrre###,eyyyyre,enduire,0.007209,,,0,0
###ycûyfeâ###,cyyyyye,cyclone,0.014136,,,0,0
###afgûûél###,affgflé,aligner,0.011856,,,0,0
###ïüwqqqz###,qlaqqus,planque,0.255120,,,0,0
###çfçobbb###,fcbbbbn,bourbon,0.082102,,,0,0
###qèôîaïï###,qxalwan,exalter,0.063505,,,0,0
###ûmjêfêp###,bmpêêit,baptême,0.026269,,,0,0
###süvébde###,sévedde,sordide,0.011755,,,0,0
###êûàcçux###,cêûleux,coûteux,0.435068,,,0,0
###âswpdxg###,zââpegx,orageux,0.019818,,,0,0
###ôuîgêêî###,tugêêis,revêtir,0.034469,,,0,0
###wmmlûao###,mmmmoon,météore,0.011070,,,0,0
###nyqfhéü###,hluhhdé,saccadé,0.002655,,,0,0
###aygvxêé###,angéégé,argenté,0.036774,,,0,0
###êûtjdus###,dépusms,dépêche,0.054064,,,0,0
###wâwrqdm###,riqmeui,pirogue,0.001796,,,0,0
###ôooitûh###,oxhûhht,trophée,0.011661,,,0,0
###ièéhôôm###,emslmmé,employé,0.010390,,,0,0
###êtgudâü###,zuutêrd,clôture,0.031832,,,0,0
###nuçnézç###,uannçon,caleçon,0.010925,,,0,0
###èvuôdkà###,délèuru,calèche,0.025479,,,0,0
###btrzeql###,byûbeer,bouffer,0.003755,,,0,0
###mvxjfel###,manfiee,mouflet,0.012887,,,0,0
###obvkèkd###,oboaddd,profond,0.036710,,,0,0
###yéçêîuw###,lmsjêmt,losange,0.002186,,,0,0
###üèümôjz###,dôpèsèé,dépassé,0.003090,,,0,0
###eîütgxê###,exgltôx,exalter,0.544682,,,0,0
###càsàitç###,ciâtitt,châtier,0.106819,,,0,0
###ühhyûsa###,hyâsaad,hausser,0.050571,,,0,0
###tdkddèï###,dttdidd,étudier,0.086133,,,0,0
###cceïûâs###,cheûscs,creuser,0.038502,,,0,0
###nzmçqnû###,finnznn,sanguin,0.005923,,,0,0
###èêâdmqà###,dmphêmr,dépêche,0.256616,,,0,0
###üeâoçxb###,oxhûeox,orageux,0.018684,,,0,0
###âânykèp###,lyppept,concept,0.162425,,,0,0
###ozsèpuê###,omxèêux,étendue,0.003460,,,0,0
###slgïsüc###,slcusis,châssis,0.020422,,,0,0
###gahûkal###,garûhal,glacial,0.020897,,,0,0
###rbàrïïx###,brûreux,coûteux,0.030258,,,0,0
###ebzgebu###,ebbeeuu,gobelet,0.010854,,,0,0
###âsgüâtô###,zâéâers,théière,0.036225,,,0,0
###üioêèçu###,ziquêut,piquant,0.228520,,,0,0
###reèvïçz###,hervers,pervers,0.198219,,,0,0
###jqsàûdà###,jysjrdo,jaillir,0.083635,,,0,0
###igjzyîx###,ziggymx,zingaro,0.008385,,,0,0
###wàéâvwg###,éévugal,ravager,0.073761,,,0,0
###ôyvonkô###,vôytyon,paysage,0.011115,,,0,0
###îwbjnêf###,blnfêok,blafard,0.028316,,,0,0
###âueïrûô###,hâûreux,épineux,0.004772,,,0,0
###ubôïèzy###,bôuyeèx,bruyère,0.117411,,,0,0
###êipààuw###,iippupo,coupure,0.029641,,,0,0
###kkabaêô###,blaabau,plateau,0.017556,,,0,0
###püwoxoh###,pléphon,portion,0.046219,,,0,0
###xiôamkw###,oxaliax,unanime,0.004570,,,0,0
###üvfcyàb###,fécbblé,accablé,0.094891,,,0,0
###ûqgêzôô###,zlqnêèx,clôture,0.009272,,,0,0
###zdcmkcy###,dicceco,douceur,0.081780,,,0,0
###fûéfzîô###,fléffnn,fleurer,0.047808,,,0,0
###èîécâwb###,ccacbru,placard,0.072482,,,0,0
###zxâvêaz###,divpaat,bivouac,0.037902,,,0,0
###zêôqüéô###,dieseux,dresser,0.029224,,,0,0
###bhjweüe###,bêbeêue,baleine,0.032151,,,0,0
###êsêmldû###,dmsllêt,emmêler,0.025642,,,0,0
###zêeéûog###,zégrggé,ouvrage,0.084391,,,0,0
###éfgîàiq###,éégliin,émilien,0.003877,,,0,0
###îfôüçdà###,blprdmd,chardon,0.028455,,,0,0
###pvqioàï###,pooviio,pouvoir,0.061488,,,0,0
###xghgàgï###,gxgrghg,gigoter,0.194076,,,0,0
###üfçvqjè###,flvèons,pivoter,0.013331,,,0,0
###pdvèvâz###,pêvvvio,pivoter,0.037777,,,0,0
###lwlwvpo###,llnpooo,lampion,0.048510,,,0,0
###ûûàxgûê###,exûlêmx,coûteux,0.180860,,,0,0
###ckütoqv###,clovhar,clavier,0.138579,,,0,0
###ôdtouoô###,dôttôuo,dactylo,0.019731,,,0,0
###ûûfêâom###,bâblêon,croûton,0.019837,,,0,0
###üïixïbn###,ccibenn,tribune,0.014085,,,0,0
###ôâycïôê###,eôplêyx,enclume,0.044707,,,0,0
###àfsâtûê###,tââlêrt,enquête,0.002665,,,0,0
###sèkwidé###,siédidé,sordide,0.017552,,,0,0
###cirhjàé###,circédé,circuit,0.195012,,,0,0
###bôüçslô###,blûssls,blinder,0.067532,,,0,0
###âupéwmu###,déppuuu,répandu,0.004330,,,0,0
###ïzxqêec###,ccccnce,décence,0.003956,,,0,0
###feéfsôi###,feessif,fresque,0.279100,,,0,0
###rmzàusk###,rrmpuus,rouleau,0.005296,,,0,0
###ûttàèvi###,trâviii,travail,0.018285,,,0,0
###sïéiêàc###,sésccié,associé,0.055816,,,0,0
###sêiôèqd###,sishaid,costaud,0.033705,,,0,0
###iâüîkjf###,imiroir,parfois,0.014545,,,0,0
###èûooêpê###,oêmêoio,opposer,0.012983,,,0,0
###eêèbbvv###,ebvvvic,envahir,0.051596,,,0,0
###jqjîèbd###,jyéboir,clébard,0.179954,,,0,0
###îüuihjp###,gimphti,dauphin,0.058905,,,0,0
###ïûaîçqu###,qraquun,traquer,0.069894,,,0,0
###skçlsyn###,syosçnn,sonnant,0.006513,,,0,0
###tïàèqôf###,tuntfus,tentant,0.264835,,,0,0
###hpivxqu###,hiiheux,heureux,0.059429,,,0,0
###frxgàjg###,frugggg,langage,0.027858,,,0,0
###hèkêadn###,hynnaid,harnais,0.023725,,,0,0
###îapmèrb###,amabrèo,amarrer,0.758366,,,0,0
###trzkdcû###,trochct,trophée,0.037006,,,0,0
###auryyiâ###,ayyyyan,appuyer,0.040025,,,0,0
###ilnçâua###,iiilaau,disparu,0.009319,,,0,0
###mxyébbe###,mybbbbe,morbide,0.077811,,,0,0
###qçéiîûï###,tloqpon,troquet,0.010394,,,0,0
###jtuvôàp###,jeuppcu,coupure,0.505338,,,0,0
###vktçôxà###,vôivôox,version,0.012620,,,0,0
###ôlrzràe###,lyzèrge,luzerne,0.010283,,,0,0
###çzeçusv###,zeussvu,missive,0.004817,,,0,0
###ôfâoôôa###,eôôagan,hôpital,0.007608,,,0,0
###fàâôbpp###,fôppppr,frapper,0.105436,,,0,0
###ècàazhy###,caaèyho,calèche,0.140522,,,0,0
###tîreesq###,theeqse,taverne,0.005241,,,0,0
###ûgmhûvk###,gugûeaf,affûter,0.014822,,,0,0
###îjapzkn###,zlapnnn,platine,0.002338,,,0,0
###ïêpwïcw###,pcacecé,concept,0.024574,,,0,0
###vhxïôaû###,vhavôay,vouloir,0.009055,,,0,0
###jôâqmfl###,jmmtler,branler,0.000981,,,0,0
###txdoezm###,dommeuy,dommage,0.046779,,,0,0
###dâwoçdz###,déddori,dresser,0.008825,,,0,0
###ûrvmêôh###,brêûhhx,prêcher,0.032265,,,0,0
###ôiünüôg###,inôrggg,chômage,0.019802,,,0,0
###hcrltle###,hhrâtle,corolle,0.016833,,,0,0
###âmûuqaf###,mmaraay,aborder,0.003997,,,0,0
###îedéüûo###,enéoodé,employé,0.002554,,,0,0
###ièûbêzy###,bibêèyx,emblème,0.001612,,,0,0
###àèêhzow###,huhêhoo,haillon,0.028932,,,0,0
###jqoyçèc###,jroccho,joncher,0.066395,,,0,0
###îfhqpbj###,brobhpd,trophée,0.003045,,,0,0
###eiçbïfâ###,eeeeibé,rebelle,0.030528,,,0,0
###eîbqxdw###,exiendx,exister,0.014791,,,0,0
###êlêmpôd###,dêpêêdd,douleur,0.033205,,,0,0
###dèséjwï###,ddscoié,destiné,0.011120,,,0,0
###pvrjgbw###,plêgrèg,publier,0.008933,,,0,0
###âêéüqmf###,émérêii,émerger,0.007483,,,0,0
###èaônlmé###,anxlômé,anglais,0.015297,,,0,0
###rïjéüîe###,réreome,caresse,0.002768,,,0,0
###uhzâbqr###,béurbur,rougeur,0.005109,,,0,0
###èèvtrft###,ffrtrrt,contrat,0.040284,,,0,0
###ôgûïzjb###,zmôlauo,geôlier,0.006749,,,0,0
###gîjmzié###,duépiié,durable,0.033373,,,0,0
###rtôysés###,rôptysé,côtoyer,0.019767,,,0,0
###nfpvâêb###,névebru,nouille,0.026811,,,0,0
###éméôkïp###,émorppt,pourpre,0.009287,,,0,0
###gvqçàxô###,glgvièx,glisser,0.054824,,,0,0
###fnêaàag###,févaagg,fromage,0.020708,,,0,0
###inèûgpf###,iroppmf,quoique,0.005760,,,0,0
###fjuwêêo###,fuuoooi,gaulois,0.013331,,,0,0
###sêjajêu###,jjjeuuu,déjouer,0.417499,,,0,0
###ôâsiqaz###,qôprqax,quelque,0.002643,,,0,0
###ôiâlzèç###,zâblèax,libéral,0.016077,,,0,0
###jnïfféç###,janffté,densité,0.019266,,,0,0
###ncâéyuà###,néchumé,parfumé,0.010909,,,0,0
###ipsfüïf###,ppiffvf,sportif,0.056726,,,0,0
###uftombè###,fuutmon,feutrer,0.090048,,,0,0
###èuügjpû###,dupppng,pupille,0.019264,,,0,0
###êôfdéür###,dêvêryr,démêler,0.010996,,,0,0
###âïêwynq###,hâclêux,frileux,0.000781,,,0,0
###lbtüffç###,blûffdf,blafard,0.240224,,,0,0
###jgtiwçm###,gimetoy,gamelle,0.431083,,,0,0
###ügonlçp###,gllpppl,flipper,0.280204,,,0,0
###wèèczxv###,rxxèèès,congrès,0.011666,,,0,0
###gômwfec###,gâôfcie,gonfler,0.036823,,,0,0
###xrbvzèû###,coaèèmx,orageux,0.007269,,,0,0
###bsfàêqx###,brûseux,briller,0.072600,,,0,0
###llèôoïk###,lunlool,douleur,0.005012,,,0,0
###àtnnnbl###,nanbnol,nénette,0.037287,,,0,0
###xljàswç###,clavell,claquer,0.010192,,,0,0
###kozûsâw###,zmpsfpn,croûton,0.017736,,,0,0
###nqôwwàê###,nénnêmn,connard,0.035878,,,0,0
###bôudjqs###,buujuus,brusque,0.132669,,,0,0
###ïîdnlmà###,dlamômé,dormant,0.034168,,,0,0
###sbwzaêd###,sisbadd,brigand,0.009327,,,0,0
###lîrïüèa###,llncaad,langage,0.007965,,,0,0
###jçexiçî###,jleeeen,honneur,0.002337,,,0,0
###çvâfaéà###,févhaaé,février,0.011518,,,0,0
###rîsixxç###,rrxisux,radieux,0.021169,,,0,0
###oâgkgbp###,omsopcr,obséder,0.030437,,,0,0
###yàîsmar###,syyragr,myriade,0.002763,,,0,0
###menmiep###,mempiee,clapier,0.019641,,,0,0
###vsçftqs###,véasuos,version,0.026993,,,0,0
###ûtlüïht###,tlûûttt,cloître,0.014133,,,0,0
###pmôuwqj###,plomqug,plomber,0.058743,,,0,0
###sfytorô###,sistorn,costard,0.002718,,,0,0
###hçàwüdô###,hhinaud,peinard,0.015821,,,0,0
###xqâgeôü###,gxôgiex,geôlier,0.111251,,,0,0
###vénbrwg###,vévgrgl,dévorer,0.097106,,,0,0
###ànnûiûj###,nlnnnôn,nouille,0.026841,,,0,0
###hzzüact###,hizpact,hurlant,0.004242,,,0,0
###cxdccïô###,crcccau,cocasse,0.018302,,,0,0
###sâjàvrè###,sévvoir,pivoter,0.006445,,,0,0
###àqmïsfg###,mmgsggs,négligé,0.007296,,,0,0
###èméügçt###,éméègrt,éminent,0.017527,,,0,0
###tsàêédx###,ttépédé,tréteau,0.056975,,,0,0
###bmlwpfm###,bllmômn,blouson,0.031735,,,0,0
###ksokfbu###,smfouru,défendu,0.030285,,,0,0
###ühïvâub###,haubepu,soutenu,0.027542,,,0,0
###âjûûwpà###,câpûemx,coûteux,0.205523,,,0,0
###àîxoîfk###,zlxffrf,griffer,0.013576,,,0,0
###éyàédaw###,épééaad,épatant,0.032016,,,0,0
###râcquân###,recqrpn,rouquin,0.008217,,,0,0
###yéxüyïg###,zxygggo,paysage,0.363990,,,0,0
###ûzzîdûz###,zizpand,crapaud,0.044122,,,0,0
###vjiçîhf###,vlishod,tricher,0.006941,,,0,0
###àîêatjw###,jljêêtt,juillet,0.014163,,,0,0
###îéeûbûr###,ébûûber,éblouir,0.009580,,,0,0
###üîgàsrl###,glsrlel,élargir,0.009502,,,0,0
###yfôlààs###,dôôrôls,hôtesse,0.010475,,,0,0
###éçmdtnt###,émmétnt,cuistot,0.003281,,,0,0
###xsidücç###,dcclcié,incliné,0.008515,,,0,0
###lûîuxàg###,clllgul,allègre,0.267800,,,0,0
###lseéaaê###,légaaau,luisant,0.004599,,,0,0
###îôlçûnç###,glûlçnn,brûlant,0.077802,,,0,0
###krsuntu###,lrstnnu,soutenu,0.013610,,,0,0
###bfkwngç###,blngnng,baigner,0.129785,,,0,0
###iywfünu###,iinuqun,sinueux,0.079943,,,0,0
###édoqûob###,émoroon,charbon,0.180484,,,0,0
###hwàleqf###,hhôhfle,heureux,0.019816,,,0,0
###çkféiuz###,féurfné,fourrer,0.049295,,,0,0
###zkàûésï###,diosôès,kiosque,0.048099,,,0,0
###vavakîb###,vévrvvn,février,0.049605,,,0,0
###ogsnnlt###,olsglnt,odorant,0.023839,,,0,0
###zrzèûqb###,zyzgruo,rongeur,0.476824,,,0,0
###dôpûjda###,drpladd,dallage,0.014028,,,0,0
###pgbixtê###,pipgttt,peureux,0.003682,,,0,0
###oîjoèîà###,ocoooèo,odorant,0.020582,,,0,0
###zcisuçü###,zicceuu,pinceau,0.019080,,,0,0
###ppmorvv###,pêmvrvo,poivrot,0.135294,,,0,0
###âpafdüî###,pappadd,crapaud,0.040569,,,0,0
###îqéüîsî###,érosnds,scooter,0.006010,,,0,0
###néqxààh###,néuhhhx,pécheur,0.006552,,,0,0
###stàtuüé###,ststulé,stature,0.321180,,,0,0
###zypôülï###,dyplayo,syllabe,0.019880,,,0,0
###tvîlqsk###,tuavlis,travers,0.263520,,,0,0
###lruôhyc###,lrulhhé,loucher,0.838932,,,0,0
###üêrâîjà###,lépêêro,repaire,0.023344,,,0,0
###gzèêîbi###,gâgghii,gigoter,0.010292,,,0,0
###oxâkira###,olxaaat,obstiné,0.001761,,,0,0
###btaêony###,batyyao,balayer,0.091154,,,0,0
###mtkidbu###,mitbeuu,metteur,0.030173,,,0,0
###thrlîoâ###,tholoot,chariot,0.023175,,,0,0
###viéûaôt###,vioûaut,vibrant,0.023537,,,0,0
###èqhoosr###,huuosor,parasol,0.007331,,,0,0
###sàsêâcw###,siscêct,suspect,0.052507,,,0,0
###eixyblb###,extbblr,exhiber,0.007499,,,0,0
###àqpîwôi###,crppiao,clapier,0.030314,,,0,0
###cdwàâfx###,cheffrx,chiffre,0.653491,,,0,0
###avnscéi###,avasiré,amasser,0.015370,,,0,0
###aécdêmâ###,adcémdm,absurde,0.014133,,,0,0
###xçmtçrg###,dxutagl,douteux,0.073030,,,0,0
###élmrààw###,éémrlré,pétrole,0.003890,,,0,0
###gscpïçh###,grêphco,trophée,0.079439,,,0,0
###üàümrjo###,mmjooor,mijoter,0.021796,,,0,0
###tkshzèâ###,tistrdt,distant,0.052681,,,0,0
###âuïaqtü###,qâarett,orageux,0.005265,,,0,0
###ôarvïfl###,alrvvll,trivial,0.014904,,,0,0
###jèipsfü###,jusprrf,inspiré,0.010227,,,0,0
###oèlrkçz###,obolèèr,oeillet,0.080718,,,0,0
###âyaüédç###,zxpéadé,effrayé,0.008037,,,0,0
###ebnvlns###,enbllns,engrais,0.023275,,,0,0
###dàiâïüq###,dhisqus,puisque,0.173050,,,0,0
###üüçktwc###,wlttcct,contact,0.018984,,,0,0
###çàéliâz###,éliriai,flirter,0.032875,,,0,0
###vvükveà###,vvevirà,voilier,0.054051,,,0,0
###utransê###,uutrrrs,outrage,0.039295,,,0,0
###çoîklél###,omullll,oeillet,0.051003,,,0,0
###hheèejt###,hhhheit,souhait,0.032352,,,0,0
###êhürïèa###,hénaait,smoking,0.000481,,,0,0
###îbeèhqq###,bygaqhs,baraque,0.245522,,,0,0
###êüéjevu###,jêveuvu,dévouer,0.029015,,,0,0
###oîanbai###,obaraai,oranger,0.010160,,,0,0
###qçséêiô###,biisqin,bigoudi,0.000605,,,0,0
###npywqgé###,nunjigé,méninge,0.004903,,,0,0
###lcâbfâi###,llâbiii,lambeau,0.002640,,,0,0
###àyhnkûa###,hyûaant,échéant,0.001151,,,0,0
###jpfàbéj###,jépjocé,bonjour,0.079614,,,0,0
###hjlüébe###,hybbrbe,auberge,0.005136,,,0,0
###çmxêzaz###,diarant,diamant,0.249641,,,0,0
###mïiféîq###,fimfqué,mimique,0.080730,,,0,0
###nvpvîlî###,nlvvlil,nerveux,0.051164,,,0,0
###üèhûjüê###,hêhêêtt,enquête,0.016994,,,0,0
###glmhâûh###,gâôhhui,clocher,0.015224,,,0,0
###udgswxv###,uuuvsvs,mauvais,0.058515,,,0,0
###ztkcôôà###,dippébo,diplôme,0.022631,,,0,0
###xqfusof###,fouffin,bouffir,0.042642,,,0,0
###itiouià###,iiioiii,idiotie,0.053735,,,0,0
###aagavüt###,apvavat,apparat,0.075352,,,0,0
###uoüvcuî###,uouvlau,nouveau,0.082536,,,0,0
###iübwoôa###,biiiaat,spirale,0.002679,,,0,0
###idpçjçf###,ddpppof,flipper,0.019007,,,0,0
###îzkéüîn###,zlaînné,plafond,0.006551,,,0,0
###tkcïèmc###,créteck,tréteau,0.120903,,,0,0
###pïqfycc###,ppucicg,précoce,0.149515,,,0,0
###vàjûiôx###,viûeeux,vitreux,0.068940,,,0,0
###ûïvôïîû###,claveès,clavier,0.589560,,,0,0
###èqiicên###,miclnoi,ricaner,0.039766,,,0,0
###rûüôwpâ###,rrûlppt,brûlant,0.012296,,,0,0
###egjkkkç###,emeteck,meeting,0.012882,,,0,0
###jîrôrtm###,cuprrêt,surpris,0.003108,,,0,0
###yïuéqèy###,qyyyyuo,cynique,0.299050,,,0,0
###mrjvpsé###,mrcvité,mouillé,0.005331,,,0,0
###néojkçj###,nnnnooé,énoncer,0.015897,,,0,0
###üàgîpêï###,zlpppèo,baptême,0.004792,,,0,0
###yêgîjue###,guglêue,suprême,0.015495,,,0,0
###yusûwwâ###,qlaysèn,frayeur,0.067228,,,0,0
###caquoja###,cacaaas,cocasse,0.018727,,,0,0
###cêogûdt###,ciochtt,crochet,0.336289,,,0,0
###âaîâqhk###,aâhhhux,fâcheux,0.018584,,,0,0
###vryèntn###,vruynnn,varenne,0.160364,,,0,0
###èîêûçaê###,alvêême,extrême,0.089589,,,0,0
###âübfgzü###,bâgâeux,fâcheux,0.041109,,,0,0
###ltkèygè###,lyutègy,cortège,0.130212,,,0,0
###ojmnmxk###,omoumur,émotion,0.046206,,,0,0
###esèsfçv###,essesvs,essence,0.113241,,,0,0
###emèôfüu###,emfumas,employé,0.023863,,,0,0
###üâfèrzt###,fâfirêt,fervent,0.021010,,,0,0
###ürdêqéô###,dronêds,pruneau,0.021406,,,0,0
###qfbïéâo###,flémion,blouson,0.013801,,,0,0
###üxrdôéû###,dxxréyé,exagéré,0.015264,,,0,0
###jcbéwpd###,ccoeddd,ceindre,0.010957,,,0,0
###clwpwéü###,cilcemé,calciné,0.199018,,,0,0
###shddàdô###,dyusadd,dresser,0.068382,,,0,0
###aôfàwrm###,anfrmmr,arrimer,0.036355,,,0,0
###qpîrnèm###,pramêmy,clameur,0.025582,,,0,0
###èapéîmc###,acépacé,compact,0.048511,,,0,0
###mmîeîèy###,mymmère,mystère,0.035955,,,0,0
###àcîêvàd###,cêvrddd,civière,0.100571,,,0,0
###jsvifïp###,sieppif,calepin,0.094052,,,0,0
###îaéïdgà###,acgaggé,aigreur,0.011742,,,0,0
###vohpxeô###,hopphse,réserve,0.000336,,,0,0
###éibkütg###,épnggnt,épatant,0.151680,,,0,0
###rkdqvôê###,decqlvs,douille,0.014394,,,0,0
###rfujühe###,rruffée,routine,0.009442,,,0,0
###güïûscg###,glggsèg,gigoter,0.263396,,,0,0
###xajèèçg###,axxèèix,oxygène,0.021269,,,0,0
###uyüpvwq###,jqusqvn,frusque,0.153458,,,0,0
###szgèelê###,disgèie,lisière,0.024725,,,0,0
###püûmiyc###,piêccho,pillage,0.112437,,,0,0
###gfnhhlg###,gluhhil,dauphin,0.011041,,,0,0
###dopgüew###,ddolgge,dallage,0.037759,,,0,0
###fowûààn###,boûûfon,boisson,0.039540,,,0,0
###fépïgrï###,flérger,charger,0.174831,,,0,0
###ümâtcfm###,mmttômm,coutume,0.037871,,,0,0
###fyfàèèt###,féfyèit,fervent,0.026547,,,0,0
###êwziger###,zizrger,diriger,0.006030,,,0,0
###pjaûbêè###,plaûêis,baptême,0.006368,,,0,0
###mlôâyzu###,llôleau,plumeau,0.022241,,,0,0
###metlqwz###,mâqllts,moulure,0.001137,,,0,0
###nggncba###,nannaai,nénette,0.041895,,,0,0
###mneêuôe###,munnême,honnête,0.037590,,,0,0
###tüngàek###,ttetile,meeting,0.002844,,,0,0
###îaücûkx###,amxlenx,anxieux,0.029105,,,0,0
###maedïlm###,meumeem,murmure,0.011982,,,0,0
###cmpàâlw###,chpllll,couille,0.022517,,,0,0
###beûhkby###,bybbeyk,bouleau,0.085394,,,0,0
###gêéèîpâ###,gléprit,flétrir,0.052409,,,0,0
###îïyéwîe###,craeise,ardoise,0.001488,,,0,0
###fkmznhî###,fénhhnd,finance,0.040655,,,0,0
###dtqàfré###,dedtiré,déchiré,0.039026,,,0,0
###vdrwixv###,vêvvros,dévorer,0.172099,,,0,0
###xpêfoév###,uxpvevé,convive,0.020754,,,0,0
###lisnavè###,lialaat,liaison,0.026233,,,0,0
###jlbjvîï###,jlvelaà,jumelle,0.040059,,,0,0
###rrübufb###,rrubbuu,cribler,0.017596,,,0,0
###jwshkàu###,juspuou,suraigu,0.004975,,,0,0
###fvmçhhk###,fomhhhf,femelle,0.167977,,,0,0
###hcçbèxr###,chhchor,coucher,0.142557,,,0,0
###êîcçàmy###,cnmêêmo,démêler,0.032998,,,0,0
###îümjïüd###,jlamddd,placide,0.038172,,,0,0
###kïlhtqè###,qltèhot,litière,0.010666,,,0,0
###zbzàûîj###,bizgano,zingaro,0.063082,,,0,0
###âàxôujl###,dxôllul,douleur,0.038408,,,0,0
###kîvxlûz###,flaûbux,claquer,0.009392,,,0,0
###odvpkxg###,oovgegx,orageux,0.020674,,,0,0
###âççffîï###,cfâûfvn,affûter,0.016212,,,0,0
###àmàbsâh###,bhahhon,bouchon,0.012939,,,0,0
###youohbp###,oourhpi,taureau,0.014167,,,0,0
###èèjïàçw###,désèète,calèche,0.008288,,,0,0
###êhoncêt###,jnoêtot,entêter,0.026614,,,0,0
###kenfeqr###,eenerer,pencher,0.008300,,,0,0
###kçlbêrn###,blûrnon,blouson,0.021440,,,0,0
###hxrufbü###,hufbbru,bourbon,0.028742,,,0,0
###bçêzçty###,bôûyêyt,baptême,0.013194,,,0,0
###htxsefé###,hhhfflé,hommage,0.010143,,,0,0
###yzeyhrt###,zyyyyyt,zyeuter,0.014828,,,0,0
###âèsétwp###,étsppté,stopper,0.038460,,,0,0
###trznzxu###,trnteux,terreux,0.021044,,,0,0
###zaâûïhc###,axûûhct,amocher,0.025598,,,0,0
###âmôsuêp###,zmppêau,chapeau,0.024027,,,0,0
###zvüàèuî###,vêngeèx,vengeur,0.298552,,,0,0
###yêvwbàû###,bybûbbo,imbiber,0.117911,,,0,0
###gocôôèe###,coyoège,collège,0.022079,,,0,0
###ômvïüzv###,mlvvvau,convive,0.036496,,,0,0
###vüâkâta###,vlttaak,platane,0.017532,,,0,0
###ûzijaoâ###,ziooûao,zingaro,0.005127,,,0,0
###âîêàcév###,nccecvé,accablé,0.032885,,,0,0
###jüèjkôu###,jujjuau,déjouer,0.747530,,,0,0
###kâqczèû###,zichipx,fichier,0.113675,,,0,0
###quwxlûü###,qlaleux,qualité,0.081383,,,0,0
###àhtkqva###,htâvaat,cerveau,0.006790,,,0,0
###pzfoêzi###,pépfôio,proprio,0.007559,,,0,0
###bühwhèn###,bbaghon,bouchon,0.698521,,,0,0
###iïayôny###,anylyen,analyse,0.076256,,,0,0
###ôèénnxv###,envvrèx,énoncer,0.004839,,,0,0
###pkjfcja###,prefaaf,préface,0.028273,,,0,0
###êviiümj###,inmêtir,ancêtre,0.057760,,,0,0
###àjbxâïk###,blaûerx,plateau,0.004032,,,0,0
###uînhoîû###,quuunon,ruminer,0.018939,,,0,0
###xkîvïêi###,cxxviix,clavier,0.488922,,,0,0
###sxêàçmf###,shxsomé,sixième,0.112865,,,0,0
###ôàüsîyd###,zyytodd,écharde,0.010139,,,0,0
###ltdfçki###,ftetiif,dentier,0.035998,,,0,0
###ijyééül###,injlllé,incliné,0.010598,,,0,0
###xpàïqiz###,cxappux,frapper,0.032082,,,0,0
###ïàdjovr###,dêvvrpt,dévorer,0.294233,,,0,0
###sûqdhçj###,sissrdd,mission,0.018525,,,0,0
###ûûzüqcï###,bloûauk,flotter,0.023707,,,0,0
###ufûüssà###,uuursss,rudesse,0.005734,,,0,0
###éïiàpyà###,éppéppé,élément,0.006347,,,0,0
###siedûçà###,diseidn,mission,0.073795,,,0,0
###çpoutïk###,ooutant,coupant,0.020033,,,0,0
###wclmhjz###,chmphoé,comique,0.007717,,,0,0
###dkqgûéû###,dmorqné,destiné,0.006952,,,0,0
###rxmôefs###,côrfsss,confins,0.005548,,,0,0
###têpôybh###,tôpphho,trophée,0.225360,,,0,0
###rapwxdi###,rappndi,ralenti,0.055548,,,0,0
###wdîhhcô###,dhchhhd,dépêche,0.082373,,,0,0
###kjgwotm###,glétiog,guérite,0.009026,,,0,0
###àubfrtn###,uuurrnn,aubaine,0.002700,,,0,0
###umiéswè###,uuuuèré,troublé,0.003598,,,0,0
###güàèûat###,guétèrt,guetter,0.065287,,,0,0
###âhqïgüb###,hâbrbun,fâcheux,0.023560,,,0,0
###utêôpeo###,quuoêse,suprême,0.005142,,,0,0
###êzawüçé###,acxêéré,attaché,0.001527,,,0,0
###psçâhyf###,plâphyf,plisser,0.091947,,,0,0
###uçlêjhi###,luuutoi,meurtri,0.064663,,,0,0
###mhtatlq###,matqtal,metteur,0.049453,,,0,0
###ôîovûîâ###,olvvrao,olivier,0.038565,,,0,0
###eèçhvqd###,ethhhid,envahir,0.003031,,,0,0
###âtüldtg###,ttttigl,lutteur,0.049927,,,0,0
###fdâfknu###,fufffnu,drifter,0.014703,,,0,0
###uqeêéwv###,uêueevs,soulevé,0.045709,,,0,0
###cêliceâ###,cicecie,civière,0.072582,,,0,0
###pvïàüvî###,plêvivl,poirier,0.073907,,,0,0
###îvbzîfd###,blobddd,blafard,0.007746,,,0,0
###cahïuzd###,caabhud,caisson,0.022006,,,0,0
###zoeknfî###,zinernr,interne,0.008474,,,0,0
###vükvgèê###,vêvvhèg,veuvage,0.047280,,,0,0
###âçzjtcè###,zaucêtt,raciste,0.003592,,,0,0
###vâàriâï###,vlbrivi,vibrant,0.110072,,,0,0
###zjnïjbf###,jlnfind,confins,0.081370,,,0,0
###qprîuws###,prrquès,croquis,0.109864,,,0,0
###jdvgkûy###,dujyyyu,dresser,0.017577,,,0,0
###ûyèêwçu###,qmquêus,enquête,0.086951,,,0,0
###îîfiwka###,fraaaaf,friable,0.002480,,,0,0
###rpvhkiü###,prêhhii,prêcher,0.045059,,,0,0
###askèbeà###,absabse,autobus,0.025285,,,0,0
###mêvvâvw###,vêvvrvs,convive,0.135173,,,0,0
###spptûfê###,pmppêtf,tempête,0.120188,,,0,0
###ûûéhhfk###,émoûfof,embûche,0.019988,,,0,0
###ôhynfxe###,hyôlôxe,hygiène,0.026025,,,0,0
###èkwfisx###,filseux,finesse,0.021480,,,0,0
###tçèiafû###,thâpaaf,tentant,0.031621,,,0,0
###inqmjvw###,jnqvims,inanimé,0.006585,,,0,0
###wzigfmu###,iiffeau,siffler,0.012914,,,0,0
###êèaüvlw###,acvllor,amollir,0.036794,,,0,0
###hïgrevh###,hhvvhnà,convenu,0.011900,,,0,0
###xnçïgne###,txanene,serment,0.005126,,,0,0
###tqwkpçc###,tiépcit,troquet,0.018275,,,0,0
###wèrckmç###,rmmpems,aimable,0.005542,,,0,0
###ygqêgxg###,oxggggg,paysage,0.049316,,,0,0
###xhmhqâç###,hhâhhhx,charbon,0.025467,,,0,0
###àânlêto###,lôtêtot,matelot,0.021517,,,0,0
###rvâêcij###,rrvcaii,rêverie,0.047058,,,0,0
###htjgwps###,hhôpuis,chapeau,0.050645,,,0,0
###chjètîu###,châteit,châtier,0.027214,,,0,0
###ûzigpçw###,zipppno,flipper,0.031986,,,0,0
###xlgdügy###,dxglegg,dallage,0.197358,,,0,0
###xmwlcûx###,tlameax,évaluer,0.009695,,,0,0
###crpsqbs###,crésqès,crisper,0.033001,,,0,0
###üscimni###,scmpiii,sommier,0.022037,,,0,0
###oopîyni###,opyoypi,opposer,0.020065,,,0,0
###ulwgwrç###,qugugir,gueuler,0.005652,,,0,0
###âàwcïvu###,ccârevu,château,0.019315,,,0,0
###ekqüjex###,emestex,kleenex,0.022074,,,0,0
###yjoqwïv###,olyveas,convive,0.172925,,,0,0
###làüçpèa###,ltapaad,léopard,0.022631,,,0,0
###bxgjxgt###,blggeet,beignet,0.024680,,,0,0
###ôzrèhbh###,hèhchhi,bouchon,0.045216,,,0,0
###yçlnàhî###,lyûlhon,bouchon,0.005277,,,0,0
###ôvawmqf###,zlevwmé,élevage,0.003914,,,0,0
###ljxzftg###,longlir,jongler,0.146841,,,0,0
###êvûôuüf###,huerfmx,suprême,0.006679,,,0,0
###îyzüzve###,zyzerne,zézette,0.329716,,,0,0
###êbnjjdê###,dêvêêio,dévêtir,0.279732,,,0,0
###tésïsgà###,séstsgé,mésange,0.100908,,,0,0
###dyérçoè###,duosooo,dessous,0.013006,,,0,0
###ûgàôqôz###,glôlqux,geôlier,0.076534,,,0,0
###ztèîjjv###,zynvoèt,janvier,0.006506,,,0,0
###wêzébeî###,zézerpe,zézette,0.034048,,,0,0
###ztàsvôç###,divpavs,diviser,0.017913,,,0,0
###éqijéux###,éqxjeux,épineux,0.051721,,,0,0
###âwüenms###,hnnsems,suspens,0.002285,,,0,0
###bekoîep###,bleeodr,blesser,0.022646,,,0,0
###fûsnîôc###,flélcié,faillir,0.011360,,,0,0
###hrséçbé###,hésbaré,hésiter,0.052386,,,0,0
###ûenrgzc###,engrccr,amorcer,0.006373,,,0,0
###xâgfhéd###,gxééfdd,goéland,0.069679,,,0,0
###jêgodcô###,jjjêêio,jaillir,0.097572,,,0,0
###râdrjüw###,rrpréêa,reprise,0.036616,,,0,0
###âobskhy###,bâtheyx,bâtisse,0.390377,,,0,0
###cyuzrai###,cocyrdo,couvrir,0.036272,,,0,0
###îôztylg###,zôygygg,zingaro,0.041066,,,0,0
###icywcdd###,iiicddd,écharde,0.008974,,,0,0
###luvèçae###,luvaèae,ouvrage,0.015337,,,0,0
###pdeàèct###,peochet,pimpant,0.016623,,,0,0
###uxéiuçî###,uxuuuux,luxueux,0.123003,,,0,0
###îüsyeqû###,qyoqqde,typique,0.074208,,,0,0
###uçsllbh###,qlubhoi,meubler,0.007616,,,0,0
###abjêejé###,ajjeoié,appétit,0.048612,,,0,0
###dmqyhjf###,dyohydo,droguer,0.067445,,,0,0
###ogayiâm###,oloiman,cloison,0.031112,,,0,0
###uçûckîç###,uuupecu,exulter,0.007801,,,0,0
###czüexïe###,cizeeue,cézigue,0.001926,,,0,0
###mâafbes###,mmffsss,mousser,0.034812,,,0,0
###üôkôcoé###,côcoéyé,troublé,0.001979,,,0,0
###kîfïdàa###,féeaaad,forfait,0.009176,,,0,0
###nhrüôwï###,hhnnhon,honneur,0.301048,,,0,0
###eoàxyàv###,enhvvvr,enlever,0.145638,,,0,0
###iékèsdg###,ipnlaid,aplatir,0.009069,,,0,0
###àouîfvï###,ocuvvvc,oeuvrer,0.059556,,,0,0
###guyfûçz###,gugluyn,engluer,0.196734,,,0,0
###àâqzrme###,zycrrme,charrue,0.003562,,,0,0
###zâumdxî###,dixpeux,luxueux,0.046559,,,0,0
###âhvmêêp###,hêmpêii,rêverie,0.137724,,,0,0
###awfüéyw###,afaalyé,adapter,0.005022,,,0,0
###fïàdnso###,flntioé,falaise,0.025748,,,0,0
###çépsàçk###,épspesé,inspiré,0.009735,,,0,0
###bmxûcts###,brûûurs,braquer,0.036819,,,0,0
###âeaébûê###,ebbeeii,échéant,0.006097,,,0,0
###wêüwvgç###,uêvlevu,revient,0.006741,,,0,0
###üçôüêwb###,zmpûbau,capable,0.041527,,,0,0
###lgvgonè###,llvghon,lorgnon,0.035575,,,0,0
###zzûjeûn###,zizgnne,dizaine,0.167391,,,0,0
###jütooxw###,totrooo,potager,0.005620,,,0,0
###xbàïhèï###,cxahehx,douteux,0.005911,,,0,0
###faaïyfb###,fffaban,friable,0.143926,,,0,0
###ezuuqto###,eequutt,exulter,0.028337,,,0,0
###rrmafüu###,rrffuau,raffiné,0.155223,,,0,0
###êcsemàâ###,chmpere,campeur,0.026952,,,0,0
###xôxzzmi###,dxxmpmx,dixième,0.071138,,,0,0
###mgàfüân###,mééfinn,confins,0.018069,,,0,0
###wââûuia###,eâutaat,libéral,0.009766,,,0,0
###rofefym###,rifffmr,griffer,0.066202,,,0,0
###ïéuqüpq###,éqoqqur,équiper,0.120919,,,0,0
###çâhzàoû###,zôbohoo,rebours,0.063460,,,0,0
###azükkfô###,amxaiyr,affaler,0.028925,,,0,0
###béçômnm###,bénemmn,médecin,0.020032,,,0,0
###çqiüegû###,imgrggg,émerger,0.161542,,,0,0
###èéàêrpü###,ééprppt,dépêche,0.065523,,,0,0
###mzçâadz###,miimadd,diamant,0.011096,,,0,0
###gdosazè###,gragrrs,draguer,0.028355,,,0,0
###àâwzaoê###,zéâêêro,zézette,0.004873,,,0,0
###jqsüwôz###,jléquès,jacques,0.215949,,,0,0
###pfpszgt###,ppofint,parfait,0.029780,,,0,0
###fnîyéml###,flalômé,fantôme,0.034159,,,0,0
###xlsuéxê###,dxxleux,luxueux,0.057660,,,0,0
###uèïîïàe###,fuucège,louange,0.009926,,,0,0
###eâdkbtw###,exbûtôt,extrait,0.006222,,,0,0
###yüecûzz###,zyyyenx,paysage,0.054045,,,0,0
###uygmçéî###,uuguwgé,négligé,0.010882,,,0,0
###plxnjqi###,pluliix,pluriel,0.062463,,,0,0
###jmxloeî###,jamlole,jumelle,0.017572,,,0,0
###làôeçau###,luôleau,lambeau,0.033568,,,0,0
###câççroï###,chéûron,clairon,0.059516,,,0,0
###ôyczwêî###,côpyêèo,côtoyer,0.053531,,,0,0
###àâïçmlf###,ccâffmé,griffer,0.047077,,,0,0
###éyôhuhx###,éxhhhux,crémeux,0.072470,,,0,0
###dmtesêo###,dhteson,matelot,0.027265,,,0,0
###gjlîühj###,gléloèd,goéland,0.212855,,,0,0
###ûèéâwüf###,élofftf,griffer,0.127827,,,0,0
###ûxizvtg###,zivggnt,zingaro,0.001128,,,0,0
###cgïehdü###,clôchdd,clocher,0.117978,,,0,0
###fqquàcè###,flqciig,faucher,0.086269,,,0,0
###sâêfüxk###,smoseux,danseur,0.003388,,,0,0
###môwûtbj###,mmmtttt,trotter,0.015839,,,0,0
###ûlmksfp###,llmpôvf,clapier,0.129472,,,0,0
###êwprrej###,prêntrr,prostré,0.052379,,,0,0
###ôdêgexh###,dxglhux,douteux,0.029970,,,0,0
###soàxîgx###,sooseux,sérieux,0.013653,,,0,0
###zlxuiql###,dlxllul,douleur,0.007593,,,0,0
###îôïârôi###,crôriii,caprice,0.013857,,,0,0
###suâîvéà###,scusivé,soulevé,0.094897,,,0,0
###puôîguu###,puupeau,pruneau,0.013558,,,0,0
###àxoàatw###,traawat,crachat,0.012102,,,0,0
###wyîaasn###,uaatinn,bastion,0.006073,,,0,0
###glâggàv###,glgvhig,gigoter,0.096818,,,0,0
###ieqèsâô###,eesisis,engrais,0.003828,,,0,0
###ûêûiiim###,imiltii,émilien,0.008900,,,0,0
###bjxeîpx###,clûseux,coûteux,0.506364,,,0,0
###pévàsnu###,pévssnu,pécheur,0.044002,,,0,0
###ïxvjzje###,caveste,céleste,0.009004,,,0,0
###éoperêô###,épperpr,repérer,0.001543,,,0,0
###ébêcaqk###,ééétaac,élément,0.004743,,,0,0
###znèélrç###,dénèlèé,annuler,0.001749,,,0,0
###kîjeêaf###,zmertdf,alerter,0.219353,,,0,0
###ïnüfdof###,féoffmf,profond,0.088390,,,0,0
###nçdqaïè###,nynnwds,connard,0.034795,,,0,0
###eokctil###,eellcil,vermeil,0.010629,,,0,0
###pîhîâpj###,pléphpo,flipper,0.195349,,,0,0
###mçmlvtx###,muullot,maillot,0.072896,,,0,0
###éttisnu###,étttsuu,battant,0.020765,,,0,0
###xwéyücw###,oxaccaé,exalter,0.040758,,,0,0
###ômgpîzç###,zêmppgo,frapper,0.071123,,,0,0
###dikcyko###,dicoyyo,dactylo,0.078743,,,0,0
###zïagûûç###,zizgarx,zingaro,0.057921,,,0,0
###hiçyvmj###,hyôhynd,hommage,0.015106,,,0,0
###ôàpmguô###,pmpleau,pinceau,0.007244,,,0,0
###ojôîcvu###,ocovuau,olivier,0.145412,,,0,0
###oïéxîph###,oxophux,trophée,0.057774,,,0,0
###cûîchqî###,cléchhd,clocher,0.318226,,,0,0
###zèrâuuk###,zmuceuu,douceur,0.210165,,,0,0
###wiyuxmî###,irximux,anxieux,0.059273,,,0,0
###bzhxmçn###,biûhznn,biberon,0.009896,,,0,0
###qâfïuêt###,qubûttt,égoïste,0.004414,,,0,0
###zmêzgât###,zéggatt,zézette,0.142744,,,0,0
###gvêêxji###,gêirêii,gourdin,0.022111,,,0,0
###ézçüéxç###,éghpeux,épineux,0.005268,,,0,0
###dzèvyad###,dyvdada,dresser,0.017151,,,0,0
###gqîbjlû###,glnghgo,blaguer,0.039413,,,0,0
###nruvqûx###,nriveus,travers,0.027422,,,0,0
###ümzvkix###,vimieux,vicieux,0.003136,,,0,0
###àdôybvo###,dôvoyoo,envoyer,0.062039,,,0,0
###kowcjrê###,jmoctir,amortir,0.301907,,,0,0
###ecipûxv###,exivevx,enivrer,0.021919,,,0,0
###rkthaod###,rrthadd,estrade,0.008322,,,0,0
###oîyhtsè###,oxouèyt,odorant,0.048687,,,0,0
###rkûpàûq###,rrûpêpo,frapper,0.003559,,,0,0
###ûkoiègü###,omggeèx,droguer,0.035266,,,0,0
###puidcàè###,pispido,pinceau,0.078269,,,0,0
###gôjâdüï###,glgutat,gigoter,0.221597,,,0,0
###dkjtâwü###,dmjtitt,défaite,0.070355,,,0,0
###sstesfm###,sssssmf,poussif,0.174353,,,0,0
###îeixïvv###,enïvvvc,enlever,0.277312,,,0,0
###ûûbvààm###,brûûômé,brûlant,0.044973,,,0,0
###vybpghû###,bébhhhd,brochet,0.003159,,,0,0
###eddytcc###,eddêccc,exaucer,0.018070,,,0,0
###wjqàdab###,jyubbau,corbeau,0.008344,,,0,0
###üèwêçjn###,jèsnêon,mission,0.005252,,,0,0
###omôôuêr###,omoouer,troquer,0.019223,,,0,0
###schçykü###,syshson,système,0.031420,,,0,0
###ïrnûîoj###,grûûoon,croûton,0.016189,,,0,0
###çpüwlry###,pôplyyr,pourrir,0.012162,,,0,0
###ékuâocr###,écochcr,écuelle,0.003588,,,0,0
###âaèîxfa###,afxaaaf,affaire,0.018238,,,0,0
###eüzykpi###,explppi,exemple,0.086488,,,0,0
###bocriin###,borriin,bouquin,0.012486,,,0,0
###evzévbd###,vvvévdd,vénérer,0.010626,,,0,0
###jnôècmû###,jennêms,joncher,0.143064,,,0,0
###çshmlrv###,shbllar,amollir,0.003777,,,0,0
###gvwêwow###,glovooo,guignol,0.012293,,,0,0
###mkjïgéè###,méguseg,moucher,0.011566,,,0,0
###ïuçduea###,uuueean,plumeau,0.007619,,,0,0
###ïihyrla###,hitlaay,hurlant,0.006999,,,0,0
###jàèêàdh###,jénêhdd,démêler,0.039194,,,0,0
###ézcllde###,éycllde,saillie,0.003233,,,0,0
###ôpûphfg###,plurggx,pluriel,0.130925,,,0,0
###stomgjc###,suopccs,saouler,0.013699,,,0,0
###zîçarpm###,ziappzy,diamant,0.108850,,,0,0
###ôvhïbbq###,hôbbbpu,imbiber,0.150344,,,0,0
###ûbzavaç###,bfaraau,buvette,0.014101,,,0,0
###pçyoîsp###,pôyppyo,paysage,0.288556,,,0,0
###çeiôvtl###,eeilaat,oeillet,0.075794,,,0,0
###xüïgaçü###,gxaaemx,exalter,0.026697,,,0,0
###aûâoiïv###,anavoac,cerveau,0.019317,,,0,0
###éàêtkqm###,émqtêué,émettre,0.044565,,,0,0
###âuxmgém###,dégmemé,orgasme,0.025749,,,0,0
###ooeqnzk###,oboener,obtenir,0.007998,,,0,0
###ôcqbèrv###,ccuvrès,cerveau,0.097651,,,0,0
###sçêâgbè###,sâspeès,suspens,0.012114,,,0,0
###qbçûïdr###,blûleor,briller,0.023583,,,0,0
###fpsvgya###,flevaau,élevage,0.088181,,,0,0
###ôâûigbz###,zâblbau,tableau,0.067772,,,0,0
###ûücdhïs###,ciâssès,châssis,0.035902,,,0,0
###ïèîtüsj###,tuéèsès,suédois,0.028041,,,0,0
###hçîêpba###,hôâpapd,hectare,0.036804,,,0,0
###gûbipji###,gugepii,fugitif,0.029590,,,0,0
###iûüïrih###,irilhii,frichti,0.023628,,,0,0
###süyçord###,syosodd,symbole,0.024321,,,0,0
###zheicst###,diestet,bientôt,0.004874,,,0,0
###êbmjqbè###,bamèbos,buvette,0.009222,,,0,0
###uêûfeou###,uuuutox,inviter,0.024591,,,0,0
###ozngnka###,oioaaad,violacé,0.005102,,,0,0
###vûçtétç###,vlallté,vriller,0.012069,,,0,0
###zxpwâyç###,ziapeux,zingaro,0.032937,,,0,0
###ldvzdkc###,dévldnd,dévider,0.244974,,,0,0
###zhbxîgê###,dizhêux,dizaine,0.030265,,,0,0
###îdevüpy###,dnvppyu,dévouer,0.052113,,,0,0
###fcèdnwg###,flngnig,fournil,0.041956,,,0,0
###vxaqvti###,vaaviei,clavier,0.059769,,,0,0
###itzkwgx###,iioieux,vicieux,0.017291,,,0,0
###bûmqmvz###,bmmqômm,égoïsme,0.013736,,,0,0
###inxyêjk###,dnjnôus,dixième,0.005257,,,0,0
###ûdmîafû###,dffûôrd,affûter,0.022115,,,0,0
###zîerbêt###,zébêtêt,embêter,0.153668,,,0,0
###nusecsa###,uosraas,poireau,0.001570,,,0,0
###gêzulâf###,gâgufif,gigoter,0.115686,,,0,0
###vseêeqq###,vveeque,quelque,0.114819,,,0,0
###xdaèkài###,dxxaiié,dixième,0.033944,,,0,0
###pèôéuwm###,plémumé,parfumé,0.039846,,,0,0
###nûpèxàj###,ninèeux,dénouer,0.005093,,,0,0
###sheêdià###,hishêie,biscuit,0.014811,,,0,0
###méàîsiy###,méussin,mousser,0.147418,,,0,0
###tcyyèfi###,croyiii,propice,0.007858,,,0,0
###àôanâéè###,anéyeté,anglais,0.002701,,,0,0
###êêïveak###,dnvvave,élevage,0.010936,,,0,0
###yumibrê###,qyurber,courber,0.089100,,,0,0
###admezôü###,dazadme,daigner,0.005132,,,0,0
###fôijfsà###,fffffsé,refuser,0.060844,,,0,0
###éôctèàè###,éxéèètx,élément,0.042608,,,0,0
###îccifvü###,ccâvfvk,convive,0.176703,,,0,0
###qfmüîsk###,qmoqfms,croquis,0.019094,,,0,0
###jhïwéçl###,jaélell,jaillir,0.005261,,,0,0
###nîumûcx###,noumeux,nouille,0.009874,,,0,0
###yûzîçjc###,zyycano,glycine,0.039291,,,0,0
###lfteanm###,fltmeal,latéral,0.002939,,,0,0
###çlgôpwû###,glôlpèo,flipper,0.296154,,,0,0
###ûuàoûdh###,ouoûhux,embûche,0.023766,,,0,0
###ykèéçjq###,zyyyyyé,paysage,0.082163,,,0,0
###lcsellé###,llccllé,habillé,0.010362,,,0,0
###wkpçcbà###,synphpu,concept,0.044326,,,0,0
###êêèîeûê###,aêvêêie,rêverie,0.113445,,,0,0
###ctzfhji###,châhhif,châssis,0.110723,,,0,0
###gxpvnfè###,gunvrèx,émigrer,0.009831,,,0,0
###ôüqàâûè###,oxuleèx,réflexe,0.001240,,,0,0
###tdgycid###,tttidin,mélodie,0.002377,,,0,0
###qwemtàu###,tiqteuu,liqueur,0.006243,,,0,0
###îqhmçwè###,tramême,tramway,0.004690,,,0,0
###ptïqxzr###,cluteur,conteur,0.001072,,,0,0
###aèiîdâz###,abaièüd,aligner,0.002846,,,0,0
###zszcubj###,zinsaud,minimum,0.010176,,,0,0
###muûekxï###,mmumeex,brumeux,0.041233,,,0,0
###cwyhsïc###,cysceis,cerceau,0.083680,,,0,0
###jcumiep###,jumpiee,pompier,0.135471,,,0,0
###êxbèuïâ###,bxuèerx,brumeux,0.009586,,,0,0
###dczktçp###,dicpppt,dompter,0.050595,,,0,0
###lôâjoûx###,clépeox,crémeux,0.015597,,,0,0
###êsçtsnc###,stssncl,suspect,0.065317,,,0,0
###pqicgkê###,pmpprcg,pimpant,0.498741,,,0,0
###yfsôbàs###,bôssbas,bourbon,0.014596,,,0,0
###gxnéèûx###,gxngeux,luxueux,0.068993,,,0,0
###fmwnuaç###,faanuau,franque,0.048976,,,0,0
###cwlhîuq###,châleus,chaleur,0.325649,,,0,0
###yxgigvf###,glgvgrf,gigoter,0.178303,,,0,0
###wqusîqf###,quésqus,quoique,0.014516,,,0,0
###alieïêc###,avilcii,agilité,0.036026,,,0,0
###êoôsègg###,omggggg,négligé,0.086998,,,0,0
###üèèykkj###,oylèèné,obscène,0.014261,,,0,0
###eyuyèaq###,exyyyur,exulter,0.106604,,,0,0
###hgbumîi###,humhiii,combien,0.025621,,,0,0
###saçgyûv###,saysaau,paysage,0.017589,,,0,0
###obpghvr###,ouoghèr,oeuvrer,0.015568,,,0,0
###zciômâk###,ciecaag,creuser,0.029344,,,0,0
###àrszpmk###,zmmppmo,frapper,0.028560,,,0,0
###gyxêsxà###,gxgusèx,excuser,0.085089,,,0,0
###stûvbôx###,siûteux,coûteux,0.071004,,,0,0
###tvïclpu###,tluvlit,taulier,0.039704,,,0,0
###zbèakâü###,biabeak,pinceau,0.001365,,,0,0
###éâàmêes###,émesême,amusant,0.051422,,,0,0
###wkuêeit###,seutttt,dessert,0.002014,,,0,0
###ykekchk###,emfhhhu,emphase,0.057463,,,0,0
###ügjsàoz###,jôgosos,joindre,0.008404,,,0,0
###âqbûôyê###,bâûlêyx,baptême,0.057231,,,0,0
###mlûçxnj###,manlônn,maillon,0.189319,,,0,0
###ofîèclü###,ochclaé,onduler,0.031883,,,0,0
###çnïnüôô###,nnnnenn,honneur,0.002883,,,0,0
###ûèalizo###,alalooi,alvéole,0.011259,,,0,0
###vèirôlr###,vrirlor,vriller,0.043776,,,0,0
###pwlrhrc###,plérhir,pourrir,0.039506,,,0,0
###gçnâciê###,gâcihig,geindre,0.006466,,,0,0
###ûugxïty###,zxuleux,douteux,0.029035,,,0,0
###ôzwjçqr###,jéuqrur,jaillir,0.014477,,,0,0
###üyhiaîc###,hiclcho,sacoche,0.042043,,,0,0
###êîèyuxç###,quxyèrx,bruyère,0.007710,,,0,0
###qndàcdd###,déodddd,écharde,0.009378,,,0,0
###jgyjàru###,jusjuur,déjouer,0.080273,,,0,0
###uocwïéu###,ouuueué,soulevé,0.000754,,,0,0
###ihicawé###,iiiciaé,miauler,0.001241,,,0,0
###vltrüer###,vlvrrer,élargir,0.014089,,,0,0
###tâîgksv###,trâvias,trivial,0.020208,,,0,0
###udékcxn###,féuurnx,exulter,0.007561,,,0,0
###caihspq###,caisspn,caisson,0.049398,,,0,0
###hbpxrwp###,hôappur,frapper,0.285190,,,0,0
###êpwsfüf###,brâffrf,griffer,0.139173,,,0,0
###ôqçüual###,qxulual,exulter,0.050536,,,0,0
###jàzvâua###,véuvaau,veuvage,0.040012,,,0,0
###alxjtae###,allatae,aplatir,0.002448,,,0,0
###înpgûqb###,plpjbuo,proprio,0.003039,,,0,0
###ïqéèêâu###,qxéèqut,crémeux,0.012280,,,0,0
###vqplüaj###,plalaas,poulain,0.003209,,,0,0
###îxïtbcî###,ccccrté,coûteux,0.030271,,,0,0
###füàâihg###,fighhix,fichier,0.205339,,,0,0
###meekzâê###,mmmeeer,démener,0.013259,,,0,0
###âûgohàé###,hâgohhé,tranché,0.007722,,,0,0
###ïûwvêtç###,tivêltt,égoïste,0.001630,,,0,0
###ôuaâévô###,nnvrvau,imprévu,0.040001,,,0,0
###lnzaobr###,lénbbbr,lenteur,0.037076,,,0,0
###éeâîêpï###,éxpéppr,éminent,0.012835,,,0,0
###âqkévtf###,ééufivf,archive,0.077409,,,0,0
###mifâiqz###,miifiai,chiquer,0.000998,,,0,0
