word,neighbours,old20_mean,old20_sd,spread,uniqueness_point
pouvoir,1,2.550000,0.604805,1,4
vouloir,1,2.750000,0.550120,1,4
prendre,0,2.850000,0.366348,0,5
falloir,0,3.450000,0.686333,0,4
trouver,1,2.600000,0.598243,1,5
laisser,1,2.600000,0.598243,1,4
arriver,1,2.550000,0.604805,1,6
premier,0,2.700000,0.470162,0,4
sembler,0,2.800000,0.410391,0,4
quelque,0,3.450000,0.604805,0,5
devenir,1,3.100000,0.911910,1,4
revenir,2,2.950000,0.887041,2,4
presque,1,2.750000,0.550120,1,5
appeler,0,2.850000,0.366348,0,4
arrêter,0,2.750000,0.444262,0,4
pendant,1,2.650000,0.587143,1,5
chambre,0,3.050000,0.604805,0,5
dernier,0,2.800000,0.410391,0,3
asseoir,0,3.600000,0.598243,0,5
tourner,0,2.550000,0.510418,0,6
instant,0,3.200000,0.615587,0,4
marcher,0,2.650000,0.489360,0,4
silence,0,3.100000,0.640723,0,4
quitter,0,3.050000,0.510418,0,3
écouter,1,2.350000,0.587143,1,5
essayer,1,2.850000,0.489360,1,4
nouveau,0,2.850000,0.366348,0,4
surtout,0,3.700000,0.656947,0,4
pousser,2,2.300000,0.656947,1,6
parfois,0,3.350000,0.745160,0,5
oublier,1,2.600000,0.598243,1,3
souvent,1,2.750000,0.550120,1,4
voiture,1,2.650000,0.587143,1,4
fenêtre,0,3.350000,0.489360,0,3
rentrer,1,2.450000,0.604805,1,6
montrer,1,2.600000,0.598243,1,5
famille,0,2.700000,0.470162,0,3
lumière,0,2.850000,0.366348,0,3
travail,0,3.800000,0.410391,0,5
sourire,1,2.800000,0.523148,1,5
affaire,0,2.900000,0.447214,0,5
travers,0,3.400000,0.502625,0,5
changer,2,2.550000,0.686333,2,5
comment,0,2.800000,0.410391,0,5
général,0,3.950000,0.887041,0,2
plaisir,0,3.300000,0.571241,0,5
glisser,1,2.650000,0.587143,1,3
ajouter,0,2.600000,0.502625,0,3
occuper,0,3.050000,0.510418,0,5
décider,3,2.150000,0.670820,3,5
soudain,0,3.100000,0.640723,0,4
lorsque,0,3.050000,0.510418,0,4
compter,1,2.700000,0.571241,1,5
mauvais,0,3.550000,0.510418,0,4
répéter,1,2.600000,0.598243,1,4
couleur,2,2.400000,0.680557,2,5
journal,0,3.550000,0.686333,0,6
manquer,2,2.650000,0.670820,1,4
semaine,0,3.100000,0.447214,0,4
coucher,4,2.150000,0.745160,1,4
avancer,0,2.800000,0.410391,0,6
oreille,1,2.750000,0.550120,1,3
toucher,5,2.150000,0.812728,2,4
heureux,1,2.900000,0.552506,1,5
certain,0,3.500000,0.688247,0,4
journée,1,3.050000,0.686333,1,6
partout,0,3.300000,0.571241,0,5
envoyer,1,2.800000,0.523148,1,5
bientôt,0,4.300000,0.470162,0,3
ensuite,0,3.350000,0.812728,0,3
frapper,0,2.900000,0.307794,0,4
pleurer,1,2.800000,0.523148,1,3
bonheur,0,2.600000,0.502625,0,4
suffire,0,3.300000,0.470162,0,3
manière,3,2.650000,0.745160,2,4
pencher,1,2.750000,0.550120,1,4
passage,2,2.600000,0.680557,2,6
refuser,0,2.600000,0.502625,0,4
acheter,1,2.900000,0.447214,1,5
exister,0,2.850000,0.366348,0,3
village,2,3.250000,0.966546,1,3
retenir,1,2.950000,0.825578,1,6
service,1,3.100000,0.640723,1,6
présent,0,3.500000,0.606977,0,5
feuille,1,2.550000,0.604805,1,4
endroit,0,3.750000,0.444262,0,4
cuisine,0,3.300000,0.470162,0,5
espérer,0,2.700000,0.470162,0,4
choisir,0,3.500000,0.606977,0,4
couvrir,1,2.600000,0.598243,1,5
puisque,0,3.000000,0.458831,0,3
rapport,0,3.600000,0.598243,0,3
moindre,2,2.500000,0.688247,1,5
exemple,0,4.000000,0.000000,0,4
assurer,1,2.600000,0.598243,1,5
appuyer,0,2.850000,0.366348,0,4
chanter,1,2.700000,0.571241,1,5
relever,0,2.750000,0.444262,0,4
traîner,0,2.850000,0.366348,0,6
hésiter,1,2.500000,0.606977,1,3
charger,2,2.650000,0.670820,2,5
réussir,0,3.350000,0.489360,0,4
seconde,0,3.550000,0.510418,0,5
étonner,0,2.800000,0.410391,0,4
secouer,0,2.900000,0.307794,0,6
allumer,0,2.850000,0.366348,0,4
chaleur,0,2.800000,0.410391,0,5
baisser,1,2.450000,0.604805,1,4
sommeil,0,3.650000,0.489360,0,5
musique,0,2.750000,0.444262,0,5
habiter,0,2.600000,0.502625,0,6
deviner,1,2.650000,0.587143,1,5
étendre,1,2.750000,0.550120,1,6
mémoire,0,3.150000,0.587143,0,3
séparer,1,2.850000,0.489360,1,3
ramener,0,2.850000,0.366348,0,4
ignorer,0,2.950000,0.223607,0,5
combien,0,2.950000,0.604805,0,6
obliger,0,2.950000,0.223607,0,5
immense,0,3.300000,0.656947,0,4
profond,0,3.800000,0.615587,0,5
emmener,0,3.150000,0.670820,0,5
couloir,1,2.650000,0.587143,1,5
enfance,0,3.200000,0.615587,0,4
étrange,0,3.300000,0.571241,0,4
marquer,2,2.450000,0.686333,1,6
éclater,0,2.700000,0.470162,0,5
souffle,1,2.800000,0.523148,1,7
réponse,0,3.300000,0.571241,0,4
dresser,2,2.450000,0.686333,1,3
morceau,1,2.650000,0.587143,1,4
risquer,0,2.900000,0.307794,0,4
retirer,0,2.650000,0.489360,0,4
liberté,0,3.800000,0.410391,0,4
honneur,1,2.550000,0.604805,1,5
intérêt,0,4.000000,0.458831,0,4
tromper,1,2.650000,0.587143,1,4
diriger,0,2.900000,0.307794,0,3
arrière,0,2.850000,0.366348,0,5
engager,1,2.700000,0.571241,1,4
malheur,0,2.950000,0.223607,0,4
écarter,0,2.900000,0.307794,0,4
douleur,2,2.400000,0.680557,2,4
chemise,0,3.750000,0.444262,0,4
écraser,0,2.850000,0.366348,0,3
tableau,0,3.150000,0.489360,0,5
chapeau,1,3.150000,0.812728,1,4
passion,0,3.000000,0.561951,0,5
docteur,0,2.450000,0.510418,0,3
content,1,2.400000,0.598243,1,7
capable,0,3.100000,0.552506,0,4
plonger,0,2.800000,0.410391,0,6
branche,2,2.550000,0.686333,2,5
machine,0,3.200000,0.410391,0,4
conseil,0,3.250000,0.444262,0,5
reposer,0,2.500000,0.512989,0,4
réalité,0,3.450000,0.686333,0,3
vacance,0,2.900000,0.307794,0,5
inviter,1,2.750000,0.550120,1,4
achever,1,3.000000,0.648886,1,5
remplir,0,3.150000,0.489360,0,5
briller,3,2.300000,0.732695,2,4
obtenir,0,3.650000,0.670820,0,3
peindre,6,2.350000,1.089423,3,5
arrivée,0,3.500000,0.688247,0,6
courant,3,2.400000,0.753937,2,6
anglais,0,3.900000,0.447214,0,3
enlever,0,2.850000,0.366348,0,4
mariage,0,2.750000,0.444262,0,5
imposer,0,2.850000,0.670820,0,4
hauteur,0,2.750000,0.444262,0,5
prévoir,0,3.600000,0.598243,0,4
croiser,0,2.600000,0.502625,0,6
absence,0,3.050000,0.510418,0,4
planter,0,2.500000,0.512989,0,6
naturel,0,3.700000,0.571241,0,3
médecin,0,3.950000,0.223607,0,4
attirer,1,2.600000,0.598243,1,5
lunette,0,2.650000,0.489360,0,4
volonté,0,3.550000,0.686333,0,4
terrain,0,3.300000,0.801315,0,5
claquer,3,2.150000,0.670820,3,4
château,0,3.050000,0.604805,0,5
évoquer,1,2.450000,0.604805,1,4
hausser,1,2.600000,0.598243,1,4
presser,2,2.350000,0.670820,1,5
courage,0,2.750000,0.444262,0,6
effacer,0,2.800000,0.410391,0,4
inutile,0,3.500000,0.606977,0,3
douceur,1,2.500000,0.606977,1,4
traiter,0,2.750000,0.444262,0,4
confier,1,2.600000,0.598243,1,6
fatigue,1,3.150000,0.670820,1,7
horreur,0,2.700000,0.470162,0,4
reculer,1,2.450000,0.604805,1,5
admirer,0,2.800000,0.410391,0,3
théâtre,0,3.750000,0.550120,0,4
manteau,1,2.750000,0.550120,1,4
chasser,1,2.450000,0.604805,1,4
curieux,1,3.050000,0.686333,1,3
horizon,0,3.700000,0.470162,0,4
sérieux,0,3.350000,0.670820,0,3
magasin,0,3.800000,0.410391,0,4
contact,0,2.750000,0.444262,0,5
nourrir,1,2.600000,0.598243,1,4
creuser,0,2.650000,0.489360,0,3
paysage,1,2.900000,0.718185,1,3
attente,0,2.900000,0.640723,0,6
flotter,2,2.650000,0.670820,2,3
élément,1,3.350000,0.875094,1,4
déposer,0,2.250000,0.444262,0,5
société,0,3.900000,0.307794,0,3
désirer,1,2.300000,0.571241,1,5
excuser,0,2.600000,0.502625,0,4
inconnu,0,3.850000,0.489360,0,4
entendu,0,3.400000,0.753937,0,6
maladie,1,2.850000,0.670820,1,7
révéler,0,2.700000,0.470162,0,4
émotion,0,3.450000,0.604805,0,3
épouser,0,2.550000,0.510418,0,4
ennuyer,0,2.750000,0.444262,0,3
qualité,0,3.500000,0.760886,0,4
matière,1,2.700000,0.571241,1,5
univers,0,3.800000,0.410391,0,4
dégager,0,2.550000,0.510418,0,5
vitesse,0,3.150000,0.670820,0,4
établir,0,3.550000,0.604805,0,4
envahir,0,3.650000,0.489360,0,4
figurer,1,2.750000,0.550120,1,5
surface,0,3.750000,0.444262,0,4
fournir,1,2.700000,0.571241,1,7
costume,1,2.800000,0.523148,1,5
colline,0,2.750000,0.444262,0,6
essuyer,1,2.900000,0.718185,1,4
hôpital,0,4.100000,0.640723,0,3
sauvage,0,2.950000,0.223607,0,5
lecture,0,2.800000,0.410391,0,5
mériter,2,2.400000,0.680557,2,3
plateau,0,3.050000,0.394034,0,5
poisson,2,2.450000,0.686333,1,4
cadavre,0,3.400000,0.502625,0,4
million,0,3.400000,0.753937,0,6
couteau,0,2.650000,0.489360,0,5
crainte,0,3.200000,0.615587,0,4
menacer,0,2.850000,0.366348,0,4
prouver,1,2.750000,0.550120,1,4
défense,1,2.850000,0.745160,1,6
bizarre,0,3.800000,0.523148,0,3
visiter,0,2.850000,0.366348,0,5
bonjour,0,3.300000,0.732695,0,4
réserve,1,3.600000,0.753937,1,7
fortune,1,2.750000,0.550120,1,7
violent,0,3.750000,0.444262,0,5
ouvrier,0,2.750000,0.444262,0,5
grimper,0,2.650000,0.489360,0,5
suivant,0,3.350000,0.670820,0,4
guetter,0,2.850000,0.366348,0,4
mystère,0,3.300000,0.656947,0,3
abattre,1,3.400000,0.753937,1,4
dominer,0,2.650000,0.489360,0,4
réduire,2,2.900000,0.911910,1,4
article,0,3.100000,0.447214,0,5
plafond,0,3.650000,0.587143,0,4
frotter,2,2.600000,0.680557,2,4
colonne,1,2.800000,0.695852,1,6
adresse,0,2.950000,0.759155,0,3
dossier,0,2.950000,0.223607,0,3
libérer,0,2.850000,0.366348,0,6
mission,0,2.800000,0.410391,0,6
rejeter,0,2.750000,0.444262,0,6
sourcil,0,3.200000,0.523148,0,5
gonfler,1,2.750000,0.550120,1,4
juillet,0,2.900000,0.307794,0,3
mesurer,0,2.950000,0.223607,0,4
colonel,0,3.300000,0.732695,0,6
système,0,3.750000,0.550120,0,3
origine,0,3.600000,0.598243,0,4
grandir,1,3.150000,0.745160,1,4
chanson,0,3.000000,0.458831,0,5
inquiet,0,3.900000,0.307794,0,3
cellule,0,3.500000,0.512989,0,5
épreuve,0,3.750000,0.550120,0,4
justice,0,3.700000,0.470162,0,3
domaine,0,2.750000,0.444262,0,4
victime,0,3.550000,0.510418,0,4
poignée,0,3.300000,0.656947,0,6
opposer,1,3.050000,0.887041,1,3
artiste,0,2.850000,0.366348,0,6
éternel,0,3.750000,0.444262,0,4
cracher,0,2.650000,0.489360,0,6
armoire,0,3.200000,0.615587,0,3
extrême,0,3.850000,0.366348,0,5
fragile,0,3.500000,0.512989,0,4
atelier,0,2.950000,0.223607,0,3
peintre,1,2.600000,0.598243,1,5
portier,1,2.550000,0.604805,1,6
enfiler,0,2.650000,0.489360,0,4
dizaine,0,3.450000,0.686333,0,3
opinion,0,3.850000,0.366348,0,3
furieux,1,2.950000,0.686333,1,3
exercer,0,2.950000,0.223607,0,4
complet,2,2.650000,0.670820,2,6
chagrin,0,3.550000,0.510418,0,4
respect,0,3.600000,0.598243,0,4
rivière,2,2.550000,0.686333,2,3
automne,0,3.800000,0.410391,0,5
faillir,3,2.350000,0.745160,2,4
parfait,0,2.900000,0.552506,0,5
blesser,0,2.500000,0.512989,0,4
jaillir,2,2.450000,0.686333,1,3
poignet,0,3.050000,0.686333,0,6
soigner,1,2.500000,0.606977,1,3
message,1,3.200000,0.767772,1,4
coiffer,0,2.750000,0.444262,0,4
millier,0,2.750000,0.444262,0,6
miracle,0,3.500000,0.606977,0,5
période,0,3.600000,0.502625,0,4
carreau,1,2.550000,0.604805,1,5
veiller,1,2.350000,0.587143,1,6
planche,1,2.650000,0.587143,1,5
baigner,2,2.500000,0.688247,1,4
refaire,1,2.800000,0.615587,1,4
secours,1,3.350000,0.933302,1,6
rigueur,1,2.800000,0.615587,1,4
décrire,0,2.800000,0.410391,0,4
siffler,1,2.850000,0.489360,1,7
demande,0,3.600000,0.502625,0,4
accuser,1,2.600000,0.598243,1,5
affreux,0,3.550000,0.510418,0,5
emparer,1,2.600000,0.598243,1,4
heurter,0,2.950000,0.223607,0,5
caillou,1,2.800000,0.695852,1,7
aveugle,0,3.900000,0.307794,0,4
gratter,0,2.700000,0.470162,0,5
pointer,0,2.750000,0.444262,0,5
exposer,0,2.650000,0.489360,0,4
avertir,0,3.300000,0.732695,0,4
dévorer,2,2.250000,0.638666,2,5
drapeau,0,3.550000,0.604805,0,4
estimer,0,2.900000,0.307794,0,4
tailler,3,2.100000,0.640723,1,6
drifter,0,2.950000,0.223607,0,3
balayer,1,2.750000,0.550120,1,5
langage,0,3.100000,0.552506,0,5
culotte,1,2.700000,0.571241,1,4
ouvrage,1,3.400000,0.882580,1,6
central,0,3.400000,0.598243,0,5
craquer,4,2.150000,0.745160,3,4
bouquet,1,2.850000,0.670820,1,6
attaque,0,3.300000,0.732695,0,5
délicat,0,3.900000,0.307794,0,5
sentier,2,2.650000,0.670820,1,5
cabinet,0,3.450000,0.686333,0,4
reprise,0,3.400000,0.680557,0,4
brûlant,0,3.200000,0.615587,0,5
octobre,0,3.950000,0.223607,0,3
chacune,0,3.550000,0.510418,0,4
quelles,0,3.650000,0.489360,0,5
fantôme,0,3.650000,0.489360,0,4
velours,0,3.450000,0.825578,0,6
nerveux,0,3.050000,0.686333,0,5
italien,0,3.650000,0.489360,0,2
soulier,1,2.400000,0.598243,1,5
brusque,1,2.750000,0.550120,1,4
apaiser,0,2.800000,0.410391,0,3
moderne,0,3.250000,0.638666,0,5
formule,0,3.300000,0.571241,0,4
placard,0,3.550000,0.686333,0,5
bagnole,1,3.600000,0.753937,1,4
cravate,0,3.250000,0.638666,0,4
matinée,0,3.050000,0.510418,0,6
méchant,0,3.400000,0.680557,0,3
vitrine,0,3.450000,0.510418,0,5
publier,1,2.800000,0.523148,1,3
rigoler,0,2.800000,0.410391,0,4
célèbre,0,3.500000,0.606977,0,4
évident,0,3.600000,0.598243,0,3
mouillé,0,2.950000,0.825578,0,4
orgueil,0,3.900000,0.307794,0,4
aborder,1,2.750000,0.550120,1,4
replier,0,2.550000,0.510418,0,4
chiffre,0,3.450000,0.686333,0,6
épuiser,0,2.850000,0.366348,0,3
bouffer,2,2.400000,0.680557,2,6
caresse,1,2.700000,0.571241,1,4
discret,0,3.650000,0.489360,0,4
féminin,0,3.850000,0.366348,0,3
dignité,0,3.850000,0.366348,0,4
joindre,2,2.750000,0.910465,1,3
défiler,0,2.200000,0.410391,0,5
passant,1,2.700000,0.571241,1,6
échange,0,3.050000,0.686333,0,5
endormi,0,3.750000,0.444262,0,4
défaire,1,2.600000,0.598243,1,6
galerie,0,2.850000,0.366348,0,5
tremper,1,2.750000,0.550120,1,4
gardien,0,3.850000,0.366348,0,4
liaison,0,3.700000,0.571241,0,3
échelle,1,2.850000,0.587143,1,6
modeste,0,3.100000,0.552506,0,5
fatigué,1,3.800000,0.695852,1,7
murmure,0,3.150000,0.489360,0,4
grimace,0,3.350000,0.587143,0,5
grogner,0,2.850000,0.366348,0,4
tempête,0,3.850000,0.366348,0,3
spécial,0,3.950000,0.394034,0,3
repérer,0,2.600000,0.502625,0,4
science,0,3.350000,0.670820,0,3
mélange,2,3.000000,0.858395,2,7
absurde,0,3.750000,0.444262,0,4
estomac,0,4.400000,0.598243,0,4
cerveau,1,2.700000,0.571241,1,4
coincer,0,2.750000,0.444262,0,4
janvier,0,2.950000,0.223607,0,3
ricaner,0,3.000000,0.000000,0,3
visible,2,3.050000,0.887041,1,5
baraque,1,2.700000,0.571241,1,5
crisper,1,2.750000,0.550120,1,5
étudier,0,3.150000,0.366348,0,3
tablier,2,2.550000,0.686333,2,5
émerger,0,3.000000,0.458831,0,4
concert,1,2.650000,0.587143,1,6
adopter,1,2.600000,0.598243,1,6
envoler,1,2.700000,0.571241,1,6
comédie,0,3.500000,0.512989,0,4
progrès,0,3.950000,0.394034,0,4
énergie,0,3.600000,0.598243,0,5
dessous,0,3.850000,0.366348,0,5
essence,0,3.250000,0.550120,0,4
aimable,0,3.200000,0.615587,0,3
sanglot,0,3.700000,0.571241,0,6
monnaie,0,3.250000,0.638666,0,4
aspirer,0,2.700000,0.470162,0,4
élégant,0,3.750000,0.550120,0,4
culture,0,2.850000,0.366348,0,5
luisant,0,3.200000,0.615587,0,3
réciter,0,2.150000,0.366348,0,4
honnête,0,3.900000,0.307794,0,5
réunion,0,3.950000,0.223607,0,4
demeure,0,3.400000,0.502625,0,4
paradis,0,3.300000,0.656947,0,6
entamer,0,2.700000,0.470162,0,4
bouquin,1,3.050000,0.686333,1,6
plaquer,1,2.450000,0.604805,1,4
remords,0,3.900000,0.307794,0,4
bistrot,0,3.650000,0.489360,0,4
stupide,0,3.700000,0.470162,0,5
voyager,0,3.500000,0.606977,0,3
environ,0,3.800000,0.410391,0,4
légende,0,3.450000,0.510418,0,3
pêcheur,1,3.000000,0.648886,1,2
pénible,0,3.200000,0.523148,0,5
abandon,0,3.800000,0.410391,0,4
bourrer,2,2.400000,0.680557,2,5
gueuler,0,2.950000,0.223607,0,4
dérober,0,2.450000,0.510418,0,5
buisson,2,2.900000,1.020836,2,3
terreur,1,2.600000,0.598243,1,7
fromage,0,3.500000,0.512989,0,4
monstre,0,2.850000,0.366348,0,4
collège,0,2.900000,0.307794,0,5
appétit,0,4.100000,0.552506,0,4
enfouir,0,3.300000,0.571241,0,5
aligner,1,2.650000,0.587143,1,4
panneau,0,2.800000,0.523148,0,4
plainte,0,3.000000,0.648886,0,5
écouler,1,2.350000,0.587143,1,5
soucier,2,2.350000,0.670820,2,4
vertige,1,2.900000,0.640723,1,4
exciter,0,2.550000,0.510418,0,4
bouffée,0,3.050000,0.825578,0,6
autobus,0,4.150000,0.670820,0,5
abriter,0,2.550000,0.510418,0,4
couvent,2,2.450000,0.686333,2,6
dommage,1,3.150000,0.745160,1,4
employé,0,3.850000,0.587143,0,4
revêtir,0,3.400000,0.680557,0,4
matelas,0,3.600000,0.598243,0,6
magique,0,2.750000,0.444262,0,4
aboutir,1,2.750000,0.550120,1,4
lecteur,2,2.450000,0.686333,2,5
danseur,0,2.650000,0.489360,0,5
tronche,1,2.900000,0.640723,1,5
trouble,1,3.300000,0.801315,1,7
vaincre,0,3.050000,0.394034,0,3
panique,0,2.650000,0.489360,0,4
réjouir,0,3.450000,0.604805,0,3
combler,0,2.550000,0.510418,0,5
blouson,0,3.500000,0.606977,0,4
chinois,0,3.900000,0.307794,0,4
coutume,2,2.750000,0.638666,2,6
couvert,1,2.800000,0.523148,1,6
malaise,1,2.800000,0.523148,1,5
réparer,1,2.550000,0.604805,1,5
révolte,2,3.300000,0.923381,2,7
irriter,0,2.550000,0.510418,0,2
méthode,0,3.650000,0.587143,0,4
charbon,1,3.100000,0.788069,1,5
étendue,1,3.200000,0.767772,1,6
grenier,0,2.700000,0.470162,0,5
station,0,3.350000,0.587143,0,5
flatter,1,2.600000,0.598243,1,4
stupeur,0,3.100000,0.447214,0,5
produit,0,3.650000,0.489360,0,5
superbe,0,3.800000,0.410391,0,4
tournée,1,2.850000,0.587143,1,6
énerver,0,3.000000,0.324443,0,5
naguère,0,3.550000,0.510418,0,3
ménager,0,2.900000,0.307794,0,4
sergent,2,3.100000,0.967906,1,4
fourrer,1,2.500000,0.606977,1,5
soupçon,0,3.550000,0.510418,0,4
boucler,1,2.450000,0.604805,1,5
tousser,2,2.500000,0.688247,1,4
bloquer,1,2.500000,0.606977,1,4
urgence,0,3.350000,0.489360,0,2
haleine,1,2.900000,0.447214,1,5
portail,0,3.200000,0.523148,0,6
suprême,0,3.800000,0.410391,0,4
diamant,0,3.400000,0.680557,0,3
planète,0,3.250000,0.786398,0,5
doubler,0,2.750000,0.444262,0,4
coussin,1,2.800000,0.523148,1,4
gronder,0,2.500000,0.512989,0,4
insecte,0,3.250000,0.638666,0,5
intense,0,2.700000,0.470162,0,5
majesté,0,3.900000,0.307794,0,3
barbier,0,3.000000,0.000000,0,5
février,0,2.900000,0.307794,0,3
lenteur,3,2.350000,0.745160,2,3
sincère,0,3.150000,0.489360,0,4
parquet,0,2.850000,0.366348,0,4
honteux,0,2.750000,0.444262,0,4
ancêtre,0,3.750000,0.444262,0,3
bonsoir,0,3.300000,0.656947,0,4
esclave,0,3.650000,0.489360,0,4
section,0,3.100000,0.718185,0,5
séduire,2,3.050000,0.887041,1,3
rédiger,0,2.800000,0.410391,0,4
brandir,1,3.150000,0.745160,1,5
semelle,1,2.600000,0.598243,1,5
pourrir,1,2.550000,0.604805,1,5
défaite,1,2.950000,0.686333,1,6
saigner,3,2.350000,0.745160,2,6
tranche,3,2.600000,0.753937,3,7
frisson,0,2.900000,0.788069,0,4
surpris,0,3.750000,0.550120,0,5
sagesse,0,3.400000,0.680557,0,3
rupture,0,2.950000,0.223607,0,3
enquête,0,3.650000,0.587143,0,3
sursaut,0,3.550000,0.604805,0,4
boucher,5,2.100000,0.788069,2,6
écolier,0,2.750000,0.444262,0,4
feindre,4,2.450000,0.887041,1,3
ficelle,0,2.900000,0.447214,0,6
hostile,0,3.250000,0.550120,0,4
serpent,2,3.000000,0.917663,1,4
vedette,0,3.050000,0.394034,0,3
falaise,1,3.050000,0.686333,1,4
revivre,0,3.250000,0.638666,0,5
royaume,0,3.800000,0.410391,0,3
échouer,0,2.800000,0.410391,0,5
affoler,1,2.650000,0.587143,1,4
ressort,0,3.300000,0.656947,0,4
prudent,0,3.400000,0.598243,0,4
cortège,0,2.900000,0.447214,0,4
secteur,2,2.500000,0.688247,2,5
élancer,0,2.800000,0.410391,0,4
décorer,1,2.100000,0.447214,1,5
collier,1,2.450000,0.604805,1,6
rempart,0,3.150000,0.587143,0,5
affiche,0,3.450000,0.510418,0,5
arroser,0,2.750000,0.444262,0,5
éblouir,0,3.500000,0.606977,0,3
barrage,0,2.750000,0.444262,0,5
courber,0,2.700000,0.470162,0,5
peupler,0,2.900000,0.307794,0,4
prairie,0,3.500000,0.512989,0,3
barreau,1,2.650000,0.670820,1,5
grincer,0,2.650000,0.489360,0,4
déplier,0,2.850000,0.366348,0,5
rêverie,0,3.500000,0.512989,0,2
pelouse,0,3.450000,0.604805,0,5
élargir,0,3.350000,0.489360,0,4
sombrer,0,2.750000,0.444262,0,4
tambour,0,3.800000,0.410391,0,3
limiter,0,2.850000,0.366348,0,4
serrure,0,2.850000,0.366348,0,4
foulard,0,3.300000,0.656947,0,4
liquide,0,3.850000,0.489360,0,5
pension,1,2.950000,0.759155,1,5
rouleau,1,2.800000,0.523148,1,5
ampoule,0,3.900000,0.307794,0,4
masquer,3,2.650000,0.745160,2,4
colonie,1,2.850000,0.670820,1,6
quoique,0,2.800000,0.410391,0,3
caporal,0,3.750000,0.550120,0,4
chiffon,0,3.450000,0.686333,0,6
maillot,2,2.650000,0.670820,2,7
suicide,0,3.650000,0.489360,0,4
symbole,0,3.900000,0.307794,0,3
amusant,0,3.000000,0.324443,0,3
cligner,1,2.650000,0.587143,1,3
réflexe,0,3.900000,0.307794,0,4
frangin,0,3.500000,0.606977,0,6
contrer,1,2.400000,0.598243,1,6
servant,0,2.600000,0.502625,0,5
vendeur,1,2.600000,0.598243,1,4
bâiller,1,2.500000,0.606977,1,3
cristal,0,3.650000,0.489360,0,5
épisode,0,3.900000,0.307794,0,4
musette,1,2.650000,0.587143,1,4
rouvrir,1,2.650000,0.587143,1,4
caprice,0,3.450000,0.510418,0,4
graisse,0,3.000000,0.000000,0,4
marquis,0,3.350000,0.587143,0,6
cloison,0,3.200000,0.615587,0,4
épingle,0,3.450000,0.604805,0,5
lisière,2,2.400000,0.680557,2,5
robinet,0,3.450000,0.604805,0,4
ronfler,1,2.750000,0.550120,1,4
ivresse,0,2.900000,0.447214,0,4
zingaro,0,4.600000,0.502625,0,2
pinceau,0,3.150000,0.587143,0,3
sifflet,1,3.650000,0.745160,1,7
éclairé,0,3.600000,0.502625,0,5
mousson,1,2.600000,0.598243,1,6
auberge,0,3.700000,0.571241,0,4
faculté,0,3.800000,0.410391,0,4
émettre,1,3.350000,0.812728,1,4
habillé,0,3.400000,0.598243,0,5
notaire,1,3.050000,0.825578,1,5
rancune,0,3.550000,0.510418,0,4
commode,0,3.050000,0.686333,0,5
gravité,0,3.450000,0.686333,0,6
piscine,0,3.500000,0.512989,0,3
confort,0,2.950000,0.510418,0,5
torture,2,2.400000,0.680557,2,7
adosser,0,2.700000,0.470162,0,4
tartine,0,2.850000,0.366348,0,3
bruyant,0,3.050000,0.510418,0,5
contenu,3,2.550000,0.759155,3,7
suspect,0,3.700000,0.656947,0,6
dévaler,1,2.100000,0.447214,1,5
diviser,1,2.650000,0.587143,1,4
étagère,0,3.600000,0.502625,0,4
hommage,1,3.250000,0.786398,1,3
annonce,0,3.550000,0.510418,0,4
édition,0,3.200000,0.523148,0,5
monture,0,2.450000,0.510418,0,5
tapoter,0,2.800000,0.410391,0,3
caserne,1,2.850000,0.489360,1,4
fleurir,1,3.300000,0.864505,1,6
horloge,0,3.700000,0.470162,0,4
plisser,1,2.500000,0.606977,1,3
accueil,0,3.850000,0.670820,0,5
serveur,1,2.650000,0.587143,1,5
funèbre,0,3.650000,0.489360,0,4
mondial,0,3.600000,0.598243,0,5
torrent,0,2.950000,0.223607,0,5
contour,1,2.800000,0.523148,1,5
exclure,0,3.400000,0.680557,0,4
amateur,0,2.900000,0.307794,0,4
décisif,0,3.800000,0.410391,0,5
douteux,0,2.700000,0.470162,0,4
cruauté,0,3.950000,0.223607,0,4
enlacer,0,2.600000,0.502625,0,4
froncer,0,2.650000,0.489360,0,5
insulte,0,3.300000,0.732695,0,5
crochet,1,2.750000,0.550120,1,4
empiler,1,2.700000,0.571241,1,5
maximum,0,3.850000,0.489360,0,3
mouette,0,2.800000,0.410391,0,4
besogne,0,3.800000,0.410391,0,4
embêter,0,2.900000,0.307794,0,4
exploit,0,3.850000,0.366348,0,4
marteau,1,2.650000,0.587143,1,5
stopper,0,3.350000,0.489360,0,3
tension,1,3.250000,0.910465,1,4
vacarme,0,3.550000,0.604805,0,5
vigueur,1,3.050000,0.759155,1,3
antique,0,2.850000,0.366348,0,4
braquer,2,2.100000,0.552506,1,4
scruter,0,2.850000,0.366348,0,3
injuste,0,3.450000,0.686333,0,3
meurtre,1,2.900000,0.447214,1,7
aisance,0,2.900000,0.447214,0,3
choquer,3,2.350000,0.745160,2,4
gravier,0,2.600000,0.502625,0,6
pétrole,0,3.600000,0.502625,0,4
recours,2,3.300000,0.978721,2,5
rentrée,0,3.300000,0.656947,0,6
théorie,0,3.900000,0.307794,0,4
corsage,1,2.700000,0.571241,1,4
inonder,0,2.850000,0.366348,0,3
contrat,0,2.650000,0.489360,0,6
taillis,0,3.000000,0.725476,0,6
patient,0,3.350000,0.489360,0,5
dessein,0,3.650000,0.587143,0,6
méditer,1,2.550000,0.604805,1,5
anonyme,0,3.850000,0.366348,0,4
assumer,1,2.700000,0.571241,1,5
disparu,0,3.850000,0.366348,0,5
grossir,0,3.050000,0.394034,0,4
guitare,0,3.450000,0.510418,0,4
chiotte,0,3.150000,0.812728,0,4
citoyen,0,3.800000,0.523148,0,4
flairer,0,2.750000,0.444262,0,4
jumelle,0,3.000000,0.648886,0,3
marmite,0,3.050000,0.223607,0,4
sorcier,1,2.600000,0.598243,1,4
aplatir,0,3.400000,0.502625,0,3
charité,0,3.200000,0.523148,0,6
définir,0,2.850000,0.366348,0,5
résumer,0,2.750000,0.444262,0,4
bouchon,0,2.800000,0.615587,0,6
débiter,2,2.150000,0.587143,2,5
désoler,0,2.250000,0.444262,0,4
traquer,4,2.250000,0.786398,2,4
facteur,0,2.600000,0.502625,0,5
lambeau,0,3.150000,0.489360,0,4
palmier,0,2.850000,0.366348,0,4
chariot,0,3.300000,0.801315,0,6
conflit,0,2.900000,0.307794,0,5
affaler,2,2.550000,0.686333,2,5
relatif,0,3.650000,0.587143,0,6
édifice,0,3.750000,0.638666,0,6
flamber,0,2.800000,0.410391,0,6
platane,1,2.900000,0.447214,1,5
écharpe,1,3.300000,0.864505,1,6
glacial,0,3.700000,0.571241,0,6
ivrogne,0,3.700000,0.470162,0,4
bagarre,0,3.350000,0.587143,0,4
cadence,0,3.000000,0.324443,0,4
chialer,0,2.700000,0.470162,0,4
exalter,1,2.700000,0.571241,1,4
rallier,0,2.550000,0.510418,0,4
gamelle,2,2.650000,0.812728,2,3
retrait,0,3.350000,0.745160,0,4
briquet,0,2.750000,0.444262,0,4
clocher,0,2.650000,0.489360,0,4
filtrer,0,2.900000,0.307794,0,4
balader,1,2.850000,0.489360,1,5
capital,0,3.650000,0.670820,0,4
faucher,0,2.650000,0.489360,0,4
comique,0,2.850000,0.366348,0,4
haricot,0,3.850000,0.489360,0,4
renfort,0,3.650000,0.670820,0,4
tolérer,0,2.900000,0.307794,0,3
déchiré,0,3.400000,0.680557,0,5
gouffre,0,2.950000,0.394034,0,4
recette,0,2.900000,0.307794,0,5
taureau,0,2.800000,0.410391,0,4
torpeur,0,2.800000,0.410391,0,5
berceau,1,3.000000,0.858395,1,3
exhiber,0,2.850000,0.489360,0,4
galoper,0,2.950000,0.223607,0,6
grouper,0,2.550000,0.510418,0,4
porteur,0,2.550000,0.510418,0,5
tituber,0,3.550000,0.510418,0,3
boisson,3,2.450000,0.759155,2,4
honorer,0,2.800000,0.410391,0,4
mondain,0,3.400000,0.680557,0,5
traînée,0,3.450000,0.686333,0,6
traître,0,3.200000,0.615587,0,5
mouvant,1,2.450000,0.604805,1,5
mouvoir,1,2.700000,0.656947,1,5
gratuit,0,3.700000,0.470162,0,5
tumulte,0,3.800000,0.410391,0,3
freiner,0,3.000000,0.000000,0,4
obscène,0,3.800000,0.410391,0,4
accéder,0,2.750000,0.444262,0,4
cuvette,1,2.600000,0.598243,1,3
grenade,0,3.600000,0.502625,0,5
logique,0,2.950000,0.604805,0,3
percher,1,2.600000,0.598243,1,4
version,0,3.200000,0.695852,0,5
alerter,0,2.650000,0.489360,0,3
bordure,0,2.850000,0.366348,0,3
parapet,0,3.350000,0.670820,0,5
sublime,0,3.600000,0.502625,0,3
battant,0,2.950000,0.223607,0,5
blottir,0,3.350000,0.587143,0,4
hériter,2,2.450000,0.686333,2,5
montant,0,2.400000,0.502625,0,6
olivier,0,2.950000,0.223607,0,2
chignon,0,3.250000,0.638666,0,4
routine,0,2.850000,0.366348,0,6
classer,1,2.300000,0.571241,1,4
griller,2,2.150000,0.587143,1,6
pèlerin,0,3.800000,0.410391,0,2
plaider,0,2.700000,0.470162,0,5
croquer,4,1.950000,0.604805,3,6
femelle,1,2.650000,0.812728,1,3
adapter,1,2.900000,0.447214,1,3
allongé,0,3.850000,0.366348,0,4
dessert,0,3.200000,0.695852,0,6
flingue,1,3.450000,0.759155,1,4
brûlure,0,3.450000,0.510418,0,5
détaché,0,3.350000,0.587143,0,5
salaire,1,2.750000,0.550120,1,3
analyse,0,3.950000,0.223607,0,3
brigade,1,3.400000,0.820783,1,6
dispute,0,3.700000,0.470162,0,5
paresse,1,2.650000,0.587143,1,5
dortoir,0,3.100000,0.307794,0,4
fermier,0,2.850000,0.366348,0,5
inverse,0,2.950000,0.510418,0,4
marrant,0,2.800000,0.410391,0,4
dénouer,2,2.400000,0.680557,1,4
éditeur,0,2.900000,0.307794,0,5
ignoble,0,3.650000,0.587143,0,5
billard,0,3.600000,0.502625,0,3
serment,2,2.700000,0.656947,1,4
cantine,0,2.750000,0.444262,0,4
délégué,0,3.850000,0.366348,0,4
éloigné,0,3.800000,0.410391,0,3
limpide,0,3.700000,0.571241,0,4
tonneau,0,2.800000,0.410391,0,3
radieux,0,3.350000,0.489360,0,5
refiler,0,2.600000,0.502625,0,4
onduler,0,2.750000,0.444262,0,4
édifier,0,2.900000,0.307794,0,6
tombeau,0,2.950000,0.604805,0,5
amorcer,0,2.750000,0.444262,0,5
largeur,0,2.850000,0.366348,0,5
médical,0,3.550000,0.686333,0,5
blanche,2,2.850000,0.812728,2,4
dauphin,0,3.950000,0.223607,0,3
fringue,1,3.050000,0.759155,1,4
insensé,0,3.650000,0.587143,0,5
minimum,0,3.850000,0.489360,0,4
pendule,0,3.200000,0.410391,0,5
sottise,0,3.350000,0.587143,0,3
haleter,0,2.850000,0.366348,0,5
régaler,0,2.550000,0.510418,0,3
évoluer,2,2.650000,0.670820,2,4
senteur,3,2.250000,0.716350,2,5
stérile,0,3.700000,0.470162,0,3
biscuit,0,3.700000,0.571241,0,4
cascade,0,3.350000,0.587143,0,4
minable,0,3.000000,0.458831,0,4
bouchée,0,3.150000,0.670820,0,6
crisser,1,2.200000,0.523148,1,5
oblique,0,2.950000,0.394034,0,5
couille,5,2.150000,0.812728,1,5
dériver,0,2.300000,0.470162,0,4
étalage,0,3.650000,0.489360,0,4
indécis,0,4.350000,0.489360,0,4
volupté,0,4.000000,0.648886,0,4
écaille,1,2.750000,0.550120,1,7
pasteur,1,2.650000,0.587143,1,4
réforme,0,3.400000,0.680557,0,4
estrade,0,3.700000,0.470162,0,4
fouille,6,2.200000,0.894427,2,4
syllabe,0,3.700000,0.571241,0,3
démolir,0,2.900000,0.307794,0,4
poussée,0,3.000000,0.561951,0,6
déceler,0,2.400000,0.502625,0,5
divorce,0,3.950000,0.223607,0,4
coupure,1,2.700000,0.571241,1,5
adoucir,0,3.200000,0.523148,0,4
brousse,1,2.950000,0.604805,1,5
charnel,0,3.050000,0.510418,0,5
compris,0,3.300000,0.470162,0,5
préféré,0,3.600000,0.502625,0,5
tilleul,0,3.850000,0.366348,0,3
austère,0,3.200000,0.523148,0,3
sordide,0,2.850000,0.366348,0,4
surplus,0,3.800000,0.615587,0,5
verdure,0,2.850000,0.366348,0,5
ferveur,1,2.750000,0.550120,1,6
hautain,0,3.400000,0.502625,0,5
sillage,2,3.150000,0.988087,1,4
entente,0,2.800000,0.523148,0,6
exhaler,0,2.850000,0.366348,0,4
artisan,0,3.650000,0.587143,0,6
matinal,0,3.350000,0.670820,0,6
peloton,0,3.650000,0.587143,0,6
clôture,0,2.900000,0.307794,0,3
détente,0,2.600000,0.502625,0,6
habitué,0,3.700000,0.656947,0,6
naïveté,0,4.100000,0.552506,0,3
refrain,0,3.600000,0.680557,0,4
sensuel,0,3.800000,0.410391,0,4
versant,0,2.850000,0.366348,0,5
arborer,0,2.900000,0.307794,0,4
barbare,0,3.100000,0.447214,0,5
détenir,0,2.650000,0.489360,0,6
indigne,2,3.450000,0.998683,2,7
meubler,0,2.800000,0.410391,0,4
préjugé,0,3.700000,0.470162,0,4
ralenti,0,3.700000,0.470162,0,4
argenté,0,3.650000,0.587143,0,3
caverne,2,2.900000,0.718185,2,4
chameau,1,2.900000,0.552506,1,5
couture,2,2.350000,0.670820,2,6
musical,0,3.800000,0.615587,0,5
roulant,1,2.650000,0.587143,1,5
anxieux,0,3.500000,0.512989,0,5
compact,0,2.850000,0.489360,0,5
fermeté,0,3.650000,0.489360,0,5
impasse,0,3.500000,0.512989,0,4
inciter,1,2.650000,0.587143,1,4
maudire,0,3.050000,0.223607,0,4
ajuster,0,2.950000,0.223607,0,3
laiteux,0,2.850000,0.366348,0,4
lugubre,0,3.800000,0.410391,0,3
noircir,0,3.550000,0.604805,0,5
valable,0,2.900000,0.307794,0,4
balance,0,2.900000,0.307794,0,5
baptême,0,3.900000,0.307794,0,3
croître,1,3.300000,0.801315,1,4
anxiété,0,4.200000,0.767772,0,5
blafard,0,3.700000,0.571241,0,4
commune,0,2.800000,0.410391,0,5
épicier,0,2.950000,0.223607,0,4
tiédeur,0,3.300000,0.470162,0,3
trotter,1,2.550000,0.604805,1,4
tunique,0,2.650000,0.489360,0,3
vautrer,0,2.900000,0.307794,0,5
cuiller,1,2.300000,0.571241,1,4
éponger,0,2.750000,0.444262,0,4
parfumé,0,3.750000,0.444262,0,5
réfugié,0,3.900000,0.307794,0,4
véranda,0,3.950000,0.223607,0,3
brosser,1,2.200000,0.523148,1,4
teinter,0,2.900000,0.307794,0,5
torchon,0,3.500000,0.760886,0,6
visière,2,2.450000,0.686333,2,5
évasion,0,3.450000,0.510418,0,4
pompier,1,2.600000,0.598243,1,5
robuste,0,3.500000,0.606977,0,4
rouquin,1,3.300000,0.732695,1,4
tutoyer,0,3.450000,0.686333,0,3
gravure,0,3.200000,0.410391,0,5
lâcheté,0,3.950000,0.223607,0,2
lucarne,0,3.750000,0.550120,0,3
rocheux,0,2.950000,0.223607,0,3
branler,0,2.600000,0.502625,0,5
méfiant,0,3.600000,0.598243,0,3
abeille,0,2.900000,0.307794,0,3
faïence,0,3.150000,0.489360,0,3
maintes,0,3.550000,0.510418,0,4
parking,0,3.650000,0.489360,0,4
ardoise,0,3.500000,0.606977,0,3
évacuer,1,2.800000,0.523148,1,4
excéder,0,2.800000,0.410391,0,4
propice,0,3.450000,0.604805,0,5
clameur,0,2.850000,0.366348,0,4
évaluer,2,2.700000,0.656947,2,4
portant,0,2.700000,0.470162,0,6
siennes,1,3.750000,0.716350,1,3
tricher,0,2.800000,0.410391,0,4
variété,0,3.750000,0.444262,0,4
continu,1,2.700000,0.571241,1,5
égorger,0,2.900000,0.307794,0,4
bâtisse,0,3.550000,0.510418,0,3
circuit,0,3.800000,0.523148,0,3
miennes,1,3.750000,0.716350,1,3
peinard,0,3.350000,0.670820,0,5
digérer,0,2.900000,0.307794,0,4
égoïsme,1,4.050000,0.825578,1,6
fugitif,0,4.400000,0.680557,0,3
griffer,0,2.700000,0.470162,0,4
informe,1,3.400000,0.820783,1,4
soutien,0,2.800000,0.410391,0,5
effrayé,0,4.100000,0.640723,0,5
équiper,0,3.550000,0.686333,0,6
froissé,0,3.650000,0.489360,0,4
posture,0,2.700000,0.470162,0,4
advenir,0,3.350000,0.670820,0,5
attrait,0,3.600000,0.680557,0,4
cingler,0,2.900000,0.307794,0,4
colorer,0,2.750000,0.444262,0,5
daigner,2,2.600000,0.680557,1,3
joncher,0,2.600000,0.502625,0,4
pivoter,1,2.550000,0.604805,1,3
sportif,0,3.650000,0.489360,0,3
finesse,0,3.150000,0.587143,0,4
fléchir,0,3.600000,0.598243,0,4
glauque,0,3.550000,0.686333,0,4
laurier,0,2.900000,0.307794,0,3
zézette,0,3.050000,0.394034,0,2
ravager,1,2.750000,0.550120,1,5
crapaud,0,3.700000,0.470162,0,5
ranimer,0,2.900000,0.307794,0,4
moqueur,0,2.900000,0.307794,0,3
netteté,0,3.800000,0.410391,0,3
obséder,0,3.550000,0.510418,0,4
pouffer,1,2.600000,0.598243,1,4
tombant,0,3.000000,0.000000,0,5
malsain,0,3.450000,0.510418,0,4
bassine,0,2.950000,0.223607,0,4
cavaler,1,2.650000,0.587143,1,4
imprévu,0,4.650000,0.587143,0,5
laideur,1,2.650000,0.587143,1,4
maigrir,0,3.400000,0.502625,0,4
ravaler,2,2.500000,0.688247,2,5
récolte,1,2.950000,0.604805,1,4
tribune,0,3.800000,0.410391,0,4
coupole,0,2.750000,0.444262,0,5
éveillé,0,3.300000,0.656947,0,4
godasse,0,3.600000,0.598243,0,3
trousse,1,2.950000,0.686333,1,5
autocar,0,3.800000,0.410391,0,5
corbeau,0,2.700000,0.470162,0,4
fâcheux,0,3.500000,0.606977,0,2
gaulois,0,3.600000,0.502625,0,3
partage,1,2.650000,0.587143,1,7
procédé,0,3.800000,0.523148,0,4
rouille,5,2.300000,0.864505,1,4
ruminer,0,2.850000,0.366348,0,3
tresser,2,2.450000,0.686333,1,4
végétal,0,4.200000,0.767772,0,6
congrès,0,3.600000,0.502625,0,4
finance,0,3.100000,0.640723,0,4
initier,0,2.800000,0.410391,0,6
lessive,0,3.700000,0.571241,0,3
minéral,0,3.650000,0.670820,0,4
pommier,2,2.550000,0.686333,2,5
prodige,0,3.500000,0.688247,0,5
rugueux,0,3.300000,0.656947,0,3
dépense,1,2.950000,0.759155,1,4
facture,0,2.800000,0.410391,0,5
asperge,0,3.700000,0.571241,0,4
souhait,0,3.300000,0.571241,0,4
atteler,0,2.800000,0.410391,0,5
enivrer,0,2.950000,0.223607,0,3
archive,0,3.650000,0.489360,0,3
arraché,0,3.700000,0.571241,0,4
taverne,1,3.100000,0.718185,1,3
antenne,0,2.850000,0.489360,0,4
eunuque,0,3.450000,0.604805,0,2
fausser,1,2.600000,0.598243,1,4
guichet,0,3.800000,0.410391,0,4
barbelé,0,3.750000,0.550120,0,5
évanoui,1,3.850000,0.670820,1,4
moineau,0,2.850000,0.489360,0,5
saouler,0,2.600000,0.502625,0,3
sardine,0,2.900000,0.307794,0,3
carotte,1,2.700000,0.571241,1,4
coureur,1,2.550000,0.604805,1,5
déraper,0,2.700000,0.470162,0,4
hôtesse,0,3.350000,0.670820,0,3
négatif,0,3.900000,0.307794,0,4
veillée,0,3.250000,0.638666,0,6
amasser,0,2.700000,0.470162,0,4
combine,1,2.700000,0.571241,1,7
crouler,0,2.400000,0.502625,0,5
modeler,1,2.800000,0.523148,1,5
réservé,1,3.650000,0.812728,1,7
vareuse,0,3.200000,0.695852,0,5
correct,0,3.100000,0.447214,0,5
égalité,0,3.450000,0.759155,0,3
fourche,0,3.000000,0.000000,0,5
kiosque,0,3.350000,0.489360,0,2
tenture,0,2.750000,0.444262,0,5
ébrouer,0,2.800000,0.410391,0,4
étouffé,0,3.850000,0.366348,0,5
fissure,0,3.150000,0.489360,0,3
fougère,0,3.000000,0.000000,0,4
radical,0,3.700000,0.571241,0,5
refluer,0,2.750000,0.444262,0,4
retenue,0,3.350000,0.587143,0,6
avidité,0,4.000000,0.648886,0,3
entrain,0,3.300000,0.656947,0,4
péniche,0,2.900000,0.640723,0,5
sommier,1,2.600000,0.598243,1,5
troublé,1,3.750000,0.716350,1,7
anormal,0,3.900000,0.307794,0,4
égoïste,1,3.850000,0.670820,1,6
hérésie,0,3.950000,0.223607,0,4
horaire,0,2.900000,0.307794,0,4
moisson,3,2.500000,0.945905,2,4
renouer,0,2.700000,0.470162,0,4
tanguer,0,2.700000,0.470162,0,4
arrondi,0,3.950000,0.223607,0,5
licence,0,3.100000,0.552506,0,3
menotte,0,3.000000,0.000000,0,4
monceau,1,2.700000,0.571241,1,4
punaise,0,3.550000,0.604805,0,3
mélodie,0,3.500000,0.688247,0,5
moyenne,0,3.600000,0.598243,0,3
vestige,1,3.200000,0.695852,1,3
vitrail,0,3.600000,0.502625,0,5
égrener,0,3.100000,0.447214,0,3
fardeau,0,3.050000,0.686333,0,3
fourgon,0,3.150000,0.587143,0,5
maculer,0,2.700000,0.470162,0,4
metteur,1,2.550000,0.604805,1,3
positif,0,3.850000,0.366348,0,4
croquis,0,3.350000,0.670820,0,6
goudron,0,3.500000,0.512989,0,4
mésange,1,3.100000,0.852242,1,3
parrain,0,2.900000,0.307794,0,4
tramway,0,4.100000,0.307794,0,4
ampleur,0,3.350000,0.670820,0,4
endurer,0,2.750000,0.444262,0,5
enrager,1,2.750000,0.550120,1,4
mijoter,0,2.700000,0.470162,0,3
portion,0,2.900000,0.307794,0,6
toiture,2,2.500000,0.688247,2,3
affluer,0,2.950000,0.759155,0,4
altérer,0,2.850000,0.366348,0,4
bégayer,0,3.000000,0.648886,0,2
convier,1,2.650000,0.587143,1,6
distant,0,2.850000,0.366348,0,4
enduire,0,3.100000,0.788069,0,5
hurlant,0,3.000000,0.324443,0,3
bibelot,0,3.750000,0.550120,0,5
côtoyer,0,3.450000,0.686333,0,2
détendu,1,2.950000,0.887041,1,6
luxueux,0,3.500000,0.606977,0,3
prêcher,0,2.700000,0.470162,0,3
solaire,1,2.750000,0.550120,1,3
suspens,0,3.800000,0.615587,0,6
diplôme,0,3.950000,0.223607,0,3
imbiber,0,3.200000,0.410391,0,3
panache,0,2.850000,0.489360,0,4
arbuste,0,3.450000,0.686333,0,4
céleste,0,3.100000,0.307794,0,4
confins,0,3.100000,0.552506,0,6
interne,0,2.800000,0.410391,0,5
planque,0,2.600000,0.502625,0,5
scander,0,2.950000,0.223607,0,3
sceller,0,2.900000,0.307794,0,3
attaché,1,3.450000,0.944513,1,7
attendu,0,3.400000,0.753937,0,6
cloître,1,3.450000,0.759155,1,4
délirer,1,2.300000,0.571241,1,5
initial,0,3.650000,0.587143,0,6
lavande,0,3.500000,0.512989,0,3
libéral,0,3.900000,1.020836,0,6
sculpté,0,3.950000,0.394034,0,3
sixième,1,3.400000,0.753937,1,3
voleter,0,2.950000,0.223607,0,4
attache,1,3.250000,0.786398,1,7
débuter,1,2.700000,0.571241,1,4
fébrile,0,3.600000,0.502625,0,3
mamelon,0,3.200000,0.767772,0,6
résigné,1,3.500000,0.760886,1,5
brioche,0,2.900000,0.447214,0,4
concret,0,2.750000,0.444262,0,5
litanie,0,3.350000,0.587143,0,4
lorgner,0,2.850000,0.366348,0,6
utilité,0,3.600000,0.598243,0,2
escorte,0,3.450000,0.510418,0,4
faiblir,1,3.000000,0.725476,1,4
pédaler,0,2.850000,0.366348,0,3
raideur,1,2.750000,0.550120,1,4
vicieux,0,3.450000,0.604805,0,4
bourbon,1,3.000000,0.794719,1,5
charmer,1,2.600000,0.598243,1,5
croyant,0,3.250000,0.550120,0,4
hospice,0,3.700000,0.571241,0,4
matelot,0,3.400000,0.753937,0,6
mesquin,0,3.700000,0.470162,0,4
obstiné,0,3.850000,0.489360,0,4
spectre,0,3.650000,0.489360,0,4
alléger,0,3.100000,0.640723,0,4
brumeux,0,3.450000,0.604805,0,4
cultivé,0,3.850000,0.366348,0,5
dansant,0,2.800000,0.410391,0,5
entêter,0,2.900000,0.307794,0,4
flasque,0,2.850000,0.587143,0,4
frayeur,0,3.300000,0.571241,0,4
larguer,1,2.600000,0.598243,1,5
mutisme,0,3.550000,0.510418,0,5
pupitre,0,3.600000,0.598243,0,5
sonnant,1,2.750000,0.550120,1,4
soutane,0,2.850000,0.366348,0,5
suédois,0,4.250000,0.550120,0,3
vibrant,0,3.250000,0.444262,0,3
colosse,0,2.750000,0.444262,0,5
costard,1,3.200000,0.833509,1,6
épatant,0,3.150000,0.366348,0,4
meeting,0,3.900000,0.307794,0,3
odorant,0,3.350000,0.670820,0,2
piquant,0,3.350000,0.587143,0,3
pourpre,0,2.900000,0.307794,0,5
prédire,0,3.100000,0.552506,0,4
réchaud,0,3.750000,0.444262,0,4
résider,0,2.600000,0.502625,0,5
sacoche,0,3.250000,0.638666,0,4
troquet,1,2.700000,0.571241,1,7
atteint,0,3.550000,0.604805,0,5
donneur,1,2.350000,0.587143,1,5
ficeler,0,2.750000,0.444262,0,6
fresque,2,2.950000,0.944513,2,4
loufiat,0,3.950000,0.223607,0,4
rythmer,0,3.650000,0.489360,0,2
amarrer,0,2.850000,0.366348,0,4
cabaret,0,3.500000,0.606977,0,4
caleçon,0,3.700000,0.656947,0,5
casquer,1,2.400000,0.598243,1,4
coupant,2,2.450000,0.686333,1,5
cribler,0,2.500000,0.512989,0,4
débâcle,0,3.850000,0.366348,0,4
lanière,2,2.550000,0.686333,1,4
parasol,0,3.750000,0.444262,0,5
activer,0,2.800000,0.410391,0,3
aliment,0,3.550000,0.686333,0,4
canette,0,2.550000,0.510418,0,4
croisée,0,3.100000,0.447214,0,6
galoche,1,2.750000,0.550120,1,5
inertie,0,3.300000,0.571241,0,3
bouille,6,2.250000,0.910465,2,7
moucher,4,2.150000,0.745160,1,4
narguer,1,2.800000,0.523148,1,3
notable,0,3.450000,0.604805,0,5
plongée,0,3.600000,0.598243,0,6
bandeau,0,3.000000,0.648886,0,5
complot,1,3.100000,0.852242,1,6
convive,0,3.200000,0.615587,0,6
cynisme,0,3.550000,0.686333,0,5
effluve,0,3.750000,0.444262,0,4
mendier,0,2.750000,0.444262,0,4
rondeur,1,2.350000,0.587143,1,4
sangler,0,2.650000,0.489360,0,6
brasier,1,2.700000,0.571241,1,5
coffret,0,3.150000,0.489360,0,3
costaud,1,3.300000,0.732695,1,6
cynique,0,2.700000,0.470162,0,5
galette,1,2.650000,0.587143,1,5
haineux,0,3.050000,0.604805,0,4
normand,0,3.650000,0.587143,0,3
omettre,1,3.600000,0.753937,1,2
ornière,0,2.800000,0.410391,0,3
parenté,0,3.350000,0.587143,0,5
support,0,3.700000,0.656947,0,6
auréole,0,3.800000,0.523148,0,3
bestiau,1,3.650000,0.745160,1,7
cinoche,0,3.150000,0.587143,0,4
hectare,0,3.700000,0.571241,0,3
hygiène,0,3.950000,0.223607,0,2
indigné,1,3.450000,0.825578,1,7
louange,1,3.250000,0.716350,1,4
loucher,4,2.300000,0.801315,1,4
martyre,0,3.050000,0.223607,0,5
alarmer,0,2.800000,0.410391,0,3
ballant,0,2.900000,0.552506,0,4
connard,0,3.300000,0.571241,0,4
immonde,0,3.650000,0.587143,0,4
protégé,0,3.650000,0.587143,0,4
relâche,0,3.550000,0.604805,0,4
vicomte,0,3.700000,0.470162,0,4
draguer,1,2.700000,0.571241,1,4
édredon,0,3.900000,0.307794,0,3
mimique,0,2.850000,0.366348,0,3
simuler,0,2.800000,0.410391,0,3
calibre,0,2.900000,0.307794,0,4
cocotte,0,2.750000,0.444262,0,4
guignol,0,3.850000,0.366348,0,4
infirme,1,3.450000,0.759155,1,4
litière,1,2.500000,0.606977,1,4
miauler,0,2.800000,0.410391,0,3
pervers,0,3.500000,0.512989,0,4
raffiné,0,3.900000,0.307794,0,3
réclame,0,3.600000,0.502625,0,4
saccade,1,3.500000,0.827170,1,7
échelon,0,3.700000,0.571241,0,6
escadre,0,3.700000,0.470162,0,4
flétrir,0,3.400000,0.680557,0,4
oeillet,0,2.800000,0.410391,0,3
partagé,1,3.150000,0.670820,1,7
pensant,1,2.550000,0.604805,1,5
rebelle,0,2.950000,0.510418,0,4
songeur,1,2.450000,0.604805,1,4
spirale,0,3.850000,0.366348,0,3
unanime,0,3.700000,0.571241,0,3
abrutir,1,3.200000,0.767772,1,4
brouter,0,2.350000,0.489360,0,5
bruyère,1,3.500000,0.760886,1,5
déduire,2,2.800000,0.894427,1,3
mention,0,2.850000,0.366348,0,5
mirette,1,2.800000,0.523148,1,4
bascule,0,3.500000,0.512989,0,4
déroute,0,3.100000,0.307794,0,5
dévêtir,0,3.300000,0.571241,0,4
dormeur,0,2.650000,0.489360,0,5
durable,0,3.500000,0.512989,0,2
écosser,0,2.600000,0.502625,0,4
espacer,0,2.750000,0.444262,0,4
morsure,0,2.700000,0.470162,0,4
placide,0,3.200000,0.615587,0,5
plumard,0,3.550000,0.604805,0,5
raviser,2,2.450000,0.686333,2,5
relique,0,2.900000,0.307794,0,5
suinter,0,2.850000,0.366348,0,4
banquet,0,2.700000,0.470162,0,4
enliser,0,2.850000,0.366348,0,4
frileux,0,3.000000,0.561951,0,4
terreux,1,2.700000,0.571241,1,7
violacé,0,4.300000,0.732695,0,5
aubaine,0,3.350000,0.489360,0,4
bosquet,1,3.000000,0.725476,1,3
dégoûté,0,3.450000,0.604805,0,4
dévouer,3,2.250000,0.716350,2,5
frivole,0,3.500000,0.688247,0,4
notoire,1,3.300000,0.732695,1,4
relayer,1,2.700000,0.571241,1,5
adonner,0,2.750000,0.444262,0,4
arsenal,0,3.850000,0.366348,0,3
beugler,0,2.800000,0.410391,0,4
bignole,1,3.550000,0.825578,1,4
bronzer,0,2.750000,0.444262,0,4
densité,0,3.650000,0.489360,0,4
déporté,0,3.000000,0.648886,0,5
mourant,2,2.450000,0.686333,2,4
perçant,0,2.700000,0.470162,0,4
siroter,0,2.550000,0.510418,0,3
biberon,0,3.800000,0.523148,0,5
bricole,0,3.100000,0.447214,0,4
centime,0,2.950000,0.223607,0,5
défoncé,0,3.400000,0.680557,0,5
geindre,4,2.650000,1.089423,1,3
latéral,0,3.600000,0.598243,0,3
mosquée,0,3.450000,0.510418,0,3
mouflet,0,2.850000,0.366348,0,5
palette,1,2.700000,0.571241,1,4
restant,0,2.750000,0.444262,0,4
brasser,2,2.200000,0.615587,2,6
clairon,0,3.350000,0.587143,0,4
dénuder,0,2.750000,0.444262,0,4
hirsute,0,3.650000,0.489360,0,2
inspiré,0,3.750000,0.444262,0,4
mortier,1,2.600000,0.598243,1,4
poindre,3,2.400000,0.753937,2,5
précoce,0,3.450000,0.604805,0,4
relater,1,2.500000,0.606977,1,6
routier,0,2.550000,0.510418,0,6
sinueux,0,3.300000,0.470162,0,4
bourdon,1,2.900000,0.788069,1,5
chimère,0,3.250000,0.716350,0,4
composé,0,3.300000,0.571241,0,6
dilater,0,2.750000,0.444262,0,3
épanoui,1,3.750000,0.716350,1,4
incliné,0,3.750000,0.444262,0,5
nombril,0,3.800000,0.410391,0,3
peluche,1,3.100000,0.718185,1,4
pupille,0,2.950000,0.223607,0,5
saillie,1,2.700000,0.571241,1,7
torcher,1,2.400000,0.598243,1,6
accablé,0,3.800000,0.410391,0,4
annuler,0,2.750000,0.444262,0,4
assener,0,2.850000,0.366348,0,5
bariolé,0,3.700000,0.571241,0,4
ébauche,0,3.450000,0.510418,0,4
fronton,0,3.500000,0.688247,0,5
paluche,1,2.950000,0.825578,1,4
parlant,0,2.650000,0.489360,0,5
sourdre,1,2.850000,0.489360,1,5
verdict,0,3.700000,0.470162,0,5
acharné,0,3.700000,0.470162,0,4
amollir,0,3.350000,0.587143,0,4
chômage,0,3.450000,0.510418,0,5
contrée,0,2.850000,0.366348,0,6
déployé,0,3.650000,0.670820,0,5
désarmé,0,3.400000,0.680557,0,4
lorgnon,0,3.450000,0.686333,0,6
stagner,0,3.000000,0.458831,0,4
taulier,1,2.650000,0.587143,1,4
arbitre,0,2.950000,0.394034,0,4
assoupi,0,3.900000,0.552506,0,5
cercler,0,2.900000,0.307794,0,5
colombe,0,3.200000,0.695852,0,5
couplet,1,2.700000,0.571241,1,5
créneau,0,3.150000,0.587143,0,4
feutrer,0,2.650000,0.489360,0,4
menteur,3,2.300000,0.732695,2,5
orateur,0,2.800000,0.410391,0,4
rebuter,0,2.650000,0.489360,0,4
remblai,0,3.900000,0.307794,0,4
emphase,0,3.800000,0.523148,0,4
enculer,0,2.400000,0.502625,0,4
fanfare,0,3.450000,0.510418,0,4
fétiche,0,3.300000,0.656947,0,3
oranger,1,2.800000,0.523148,1,4
patiner,0,2.900000,0.307794,0,5
pudique,0,2.700000,0.470162,0,3
semence,0,2.850000,0.366348,0,5
démêler,0,2.600000,0.502625,0,4
dépêche,0,3.700000,0.470162,0,4
emmêler,0,3.050000,0.686333,0,4
enclume,0,3.500000,0.688247,0,4
engluer,0,2.950000,0.223607,0,4
lyrique,0,2.750000,0.444262,0,5
saccadé,1,3.900000,0.852242,1,7
adjoint,0,4.150000,0.489360,0,4
arnaque,0,2.950000,0.394034,0,3
bifteck,0,4.800000,0.410391,0,3
fiction,1,3.200000,0.767772,1,4
maladif,1,3.400000,0.753937,1,7
outrage,1,3.400000,0.820783,1,3
shooter,1,2.800000,0.523148,1,2
adhérer,0,2.850000,0.366348,0,3
convenu,1,2.750000,0.550120,1,5
coûteux,0,2.800000,0.410391,0,3
exténué,0,4.250000,0.444262,0,4
guérite,0,3.850000,0.366348,0,3
hantise,0,3.150000,0.489360,0,3
jésuite,0,3.500000,0.606977,0,2
jubiler,0,3.000000,0.324443,0,3
ligoter,1,2.600000,0.598243,1,3
revient,0,3.450000,0.510418,0,5
vieilli,0,3.550000,0.510418,0,3
baleine,1,2.850000,0.489360,1,4
détaler,1,2.450000,0.604805,1,5
éminent,0,3.650000,0.587143,0,4
éventré,0,3.700000,0.571241,0,6
garanti,0,3.600000,0.502625,0,4
geôlier,0,2.900000,0.307794,0,3
meurtri,1,3.750000,0.716350,1,7
acculer,2,2.450000,0.686333,2,5
allègre,0,3.750000,0.444262,0,4
amortir,0,2.700000,0.470162,0,5
collant,1,2.650000,0.587143,1,5
croupir,0,2.900000,0.307794,0,5
gondole,0,3.500000,0.606977,0,4
moiteur,0,2.600000,0.502625,0,4
prostré,0,3.750000,0.444262,0,4
rescapé,0,4.100000,0.447214,0,4
trophée,0,3.650000,0.489360,0,4
velouté,0,3.700000,0.656947,0,6
vermine,0,2.900000,0.307794,0,5
abréger,0,3.050000,0.510418,0,4
apparat,0,3.900000,0.307794,0,4
baroque,1,2.850000,0.489360,1,4
bottine,0,2.950000,0.394034,0,3
énoncer,0,2.750000,0.444262,0,3
funeste,0,3.200000,0.615587,0,4
hérissé,0,3.800000,0.410391,0,5
loterie,1,3.450000,0.825578,1,3
perfide,0,3.450000,0.510418,0,4
voilier,0,2.750000,0.444262,0,4
adéquat,0,4.400000,0.502625,0,3
cordial,0,3.600000,0.598243,0,5
défendu,1,3.100000,0.718185,1,6
fiancer,0,2.750000,0.444262,0,3
gruyère,1,3.550000,0.759155,1,3
noiraud,0,3.750000,0.444262,0,5
tanière,2,2.650000,0.670820,1,4
calotte,2,2.550000,0.686333,2,4
candide,0,3.250000,0.550120,0,5
destiné,0,3.350000,0.587143,0,4
emprunt,0,3.950000,0.223607,0,5
faction,1,3.100000,0.852242,1,6
jacques,0,3.650000,0.489360,0,3
malfrat,0,3.950000,0.223607,0,4
mirador,0,3.900000,0.307794,0,5
morbide,0,3.300000,0.656947,0,4
pirogue,0,3.750000,0.444262,0,3
troquer,4,2.100000,0.718185,3,7
virgule,0,3.650000,0.489360,0,3
chevelu,0,3.700000,0.470162,0,4
cratère,0,3.000000,0.000000,0,4
dactylo,0,4.550000,0.510418,0,3
forcené,0,3.650000,0.587143,0,4
lunaire,0,3.050000,0.394034,0,4
picoler,1,2.650000,0.587143,1,5
vénérer,0,2.900000,0.307794,0,3
abonder,1,2.750000,0.550120,1,4
candeur,0,2.500000,0.512989,0,5
chromer,0,2.950000,0.223607,0,3
délabré,0,3.350000,0.489360,0,5
expirer,1,2.500000,0.606977,1,4
forfait,0,3.450000,0.686333,0,4
grillon,0,3.300000,0.732695,0,6
lainage,0,3.200000,0.615587,0,4
présage,0,2.900000,0.447214,0,5
cahoter,0,2.800000,0.410391,0,3
carrure,0,2.850000,0.366348,0,5
châtier,0,3.000000,0.000000,0,5
cohorte,0,3.150000,0.489360,0,3
corrida,0,3.700000,0.571241,0,5
enfoiré,0,3.450000,0.759155,0,5
exagéré,0,4.300000,0.470162,0,4
fervent,0,2.900000,0.640723,0,6
franque,1,2.650000,0.587143,1,5
macadam,0,3.850000,0.366348,0,5
pécheur,1,2.900000,0.447214,1,3
smoking,0,4.500000,0.606977,0,2
unisson,0,3.150000,0.933302,0,4
varenne,0,3.100000,0.447214,0,5
vitreux,0,3.250000,0.550120,0,5
châssis,0,3.750000,0.444262,0,4
civière,1,2.650000,0.587143,1,3
conteur,1,1.950000,0.223607,1,6
cuistot,0,3.500000,0.606977,0,5
errance,0,3.300000,0.571241,0,2
gobelet,0,3.600000,0.502625,0,3
raviver,1,2.650000,0.587143,1,5
soutenu,0,3.000000,0.725476,0,5
avancée,0,3.400000,0.598243,0,6
boiteux,0,2.700000,0.470162,0,4
chômeur,0,3.200000,0.615587,0,5
déjouer,2,2.450000,0.686333,1,3
épineux,0,3.300000,0.571241,0,5
frichti,0,3.950000,0.223607,0,4
mutiler,0,2.950000,0.223607,0,5
néfaste,0,3.650000,0.587143,0,3
opulent,0,3.700000,0.470162,0,3
ordonné,0,4.000000,0.000000,0,3
oxygène,0,4.450000,0.759155,0,2
parloir,0,2.950000,0.394034,0,5
peigner,0,2.600000,0.502625,0,4
recréer,0,2.850000,0.366348,0,4
vautour,0,3.250000,0.638666,0,5
adverse,0,3.450000,0.686333,0,5
aigreur,0,2.850000,0.366348,0,3
athlète,0,3.950000,0.223607,0,3
avorter,0,2.650000,0.489360,0,3
ceindre,4,2.500000,0.945905,1,3
charrue,0,3.200000,0.523148,0,5
dixième,1,3.450000,0.759155,1,3
emblème,0,3.850000,0.366348,0,4
humilié,0,3.900000,0.307794,0,3
nuptial,0,3.850000,0.366348,0,3
oseille,1,2.800000,0.523148,1,3
poterie,1,3.200000,0.767772,1,4
poudrer,0,2.750000,0.444262,0,4
saturer,0,2.850000,0.366348,0,3
teindre,4,2.400000,0.882580,1,5
torride,0,2.900000,0.718185,0,5
bouilli,1,3.050000,0.998683,1,7
campeur,0,2.800000,0.410391,0,5
châtain,0,3.600000,0.598243,0,5
dormant,0,2.700000,0.470162,0,5
encrier,0,2.900000,0.307794,0,4
enfermé,0,3.600000,0.598243,0,4
éventer,0,2.900000,0.307794,0,6
exaucer,0,2.800000,0.410391,0,4
exulter,1,2.800000,0.523148,1,3
gencive,0,3.750000,0.444262,0,3
glycine,0,3.700000,0.470162,0,3
huileux,0,3.250000,0.638666,0,3
insérer,0,3.000000,0.000000,0,4
liqueur,0,2.800000,0.410391,0,5
martial,0,3.150000,0.587143,0,5
mercier,0,2.550000,0.510418,0,3
microbe,0,3.950000,0.223607,0,3
militer,0,2.600000,0.502625,0,4
murette,2,2.600000,0.680557,2,4
nouille,5,2.300000,0.864505,1,4
oeuvrer,0,2.850000,0.366348,0,3
pommeau,0,2.850000,0.366348,0,5
pompeux,0,3.400000,0.502625,0,5
torturé,1,3.100000,0.788069,1,7
agaçant,0,3.650000,0.489360,0,3
clébard,0,3.650000,0.489360,0,4
disposé,0,3.750000,0.444262,0,5
effigie,0,3.900000,0.307794,0,4
éprouvé,0,3.800000,0.523148,0,4
extrait,0,3.400000,0.753937,0,5
métèque,0,3.550000,0.510418,0,4
moduler,1,2.650000,0.587143,1,4
ouragan,0,3.800000,0.410391,0,3
reconnu,0,3.800000,0.523148,0,5
remiser,0,2.550000,0.510418,0,4
associé,0,4.000000,0.725476,0,5
galaxie,0,3.250000,0.638666,0,4
gravats,0,3.600000,0.680557,0,5
moufter,0,2.700000,0.470162,0,5
neigeux,0,3.250000,0.550120,0,3
orageux,0,3.500000,0.606977,0,4
piloter,2,2.400000,0.680557,2,4
proprio,0,3.800000,0.410391,0,5
reliure,0,2.850000,0.366348,0,5
tornade,1,3.150000,0.745160,1,4
altesse,0,3.050000,0.604805,0,4
ambiant,0,3.550000,0.604805,0,5
assorti,0,3.550000,0.604805,0,5
boudeur,0,2.550000,0.510418,0,5
bouleau,1,2.800000,0.523148,1,4
conduit,0,3.100000,0.552506,0,4
excepté,0,4.000000,0.000000,0,4
foireux,0,2.900000,0.307794,0,3
galopin,0,3.550000,0.686333,0,6
lacérer,0,2.950000,0.223607,0,3
moignon,0,3.250000,0.716350,0,4
monocle,0,3.350000,0.489360,0,4
orifice,0,3.650000,0.670820,0,4
pimpant,0,3.050000,0.510418,0,3
reluire,0,2.950000,0.604805,0,4
répandu,0,3.700000,0.470162,0,5
retaper,0,2.850000,0.366348,0,4
stature,0,2.950000,0.223607,0,5
batteur,0,2.750000,0.444262,0,5
brocart,0,3.700000,0.571241,0,5
brochet,1,2.800000,0.523148,1,5
caniche,0,2.800000,0.410391,0,4
cloquer,4,2.250000,0.786398,3,4
éboulis,0,3.800000,0.410391,0,5
lampion,0,3.600000,0.502625,0,4
livreur,0,3.000000,0.458831,0,3
préposé,0,3.600000,0.502625,0,4
romance,0,3.200000,0.410391,0,4
speaker,0,3.850000,0.366348,0,4
tréteau,0,3.300000,0.571241,0,3
tronçon,0,3.700000,0.656947,0,5
boudoir,0,2.650000,0.489360,0,5
déplacé,0,3.550000,0.604805,0,5
éperdre,0,3.450000,0.604805,0,3
fournil,1,3.150000,0.812728,1,7
gazelle,1,2.950000,0.686333,1,3
harnais,0,3.550000,0.510418,0,4
intimer,0,2.750000,0.444262,0,4
losange,1,3.300000,0.801315,1,3
penseur,0,2.650000,0.489360,0,5
rejeton,0,3.800000,0.523148,0,6
affront,0,3.900000,0.307794,0,5
bicoque,0,3.400000,0.598243,0,3
bivouac,0,4.450000,0.604805,0,3
compère,1,2.800000,0.523148,1,5
cordage,1,2.750000,0.550120,1,5
couiner,0,2.750000,0.444262,0,5
décimer,1,2.350000,0.587143,1,5
droguer,1,2.750000,0.550120,1,3
échéant,0,3.750000,0.550120,0,4
épauler,0,2.850000,0.366348,0,4
exhumer,0,2.800000,0.410391,0,4
jongler,0,2.750000,0.444262,0,4
truffer,0,2.800000,0.410391,0,4
vantail,0,3.850000,0.366348,0,4
vengeur,1,2.550000,0.604805,1,4
affable,0,3.150000,0.670820,0,5
bafouer,0,2.950000,0.223607,0,3
bidoche,0,3.250000,0.716350,0,3
cassure,0,2.700000,0.470162,0,5
commère,1,2.750000,0.550120,1,5
croûton,0,3.700000,0.571241,0,4
donnant,1,2.700000,0.571241,1,5
écusson,0,3.200000,0.615587,0,4
éduquer,0,2.900000,0.307794,0,3
emporté,0,3.650000,0.587143,0,4
étoiler,0,2.900000,0.307794,0,4
étriqué,0,3.950000,0.223607,0,4
friture,0,2.850000,0.366348,0,4
haillon,1,2.750000,0.638666,1,4
lutteur,0,2.800000,0.410391,0,3
poulain,0,2.950000,0.394034,0,4
recueil,0,3.750000,0.550120,0,5
référer,0,2.700000,0.470162,0,4
rizière,1,2.650000,0.587143,1,3
samovar,0,3.950000,0.223607,0,3
sanguin,0,3.700000,0.571241,0,5
sultane,0,3.500000,0.606977,0,3
terreau,0,2.600000,0.502625,0,6
trapèze,0,3.700000,0.470162,0,4
western,0,3.900000,0.307794,0,1
absorbé,0,3.850000,0.366348,0,4
affamer,1,2.950000,0.887041,1,5
brigand,0,3.650000,0.587143,0,6
calèche,0,3.150000,0.745160,0,4
calepin,0,3.400000,0.680557,0,5
citadin,0,3.750000,0.444262,0,4
console,0,2.900000,0.447214,0,5
crachat,0,3.650000,0.670820,0,6
démener,0,2.600000,0.502625,0,6
dépassé,0,3.350000,0.587143,0,4
écoeuré,0,3.750000,0.444262,0,4
embryon,0,4.250000,0.444262,0,4
glacier,0,2.800000,0.410391,0,6
infamie,0,3.750000,0.444262,0,4
languir,0,3.250000,0.716350,0,5
mamelle,1,2.700000,0.801315,1,6
matrone,0,3.500000,0.512989,0,4
méandre,0,3.050000,0.394034,0,3
nénette,0,2.800000,0.410391,0,3
receler,1,2.600000,0.598243,1,5
réviser,1,2.400000,0.598243,1,4
tatouer,0,2.800000,0.410391,0,3
tranché,1,3.450000,0.887041,1,7
affûter,0,2.900000,0.640723,0,4
attiser,1,2.750000,0.550120,1,5
cellier,1,2.650000,0.587143,1,5
combiné,1,3.150000,0.745160,1,7
corolle,0,2.900000,0.307794,0,4
déformé,0,3.250000,0.786398,0,5
déguisé,0,3.650000,0.489360,0,4
ébréché,0,4.100000,0.640723,0,4
emprise,0,3.450000,0.686333,0,5
équipée,0,3.900000,0.447214,0,6
factice,0,2.900000,0.307794,0,6
flipper,0,3.050000,0.510418,0,4
franger,1,2.600000,0.598243,1,6
navette,0,2.650000,0.489360,0,4
oraison,0,3.400000,0.598243,0,4
poirier,0,2.750000,0.444262,0,5
pruneau,0,3.000000,0.561951,0,4
réputer,1,2.450000,0.604805,1,4
rudesse,0,3.350000,0.489360,0,3
servile,1,3.100000,0.718185,1,6
blinder,0,3.000000,0.000000,0,3
clavier,1,2.600000,0.598243,1,4
désigné,1,3.450000,0.759155,1,5
dévider,1,2.050000,0.394034,1,4
deviser,2,2.600000,0.680557,2,5
écorché,0,3.900000,0.307794,0,4
enfoncé,0,3.500000,0.760886,0,5
enterré,0,3.350000,0.670820,0,5
étourdi,0,3.850000,0.366348,0,5
figuier,1,2.950000,0.604805,1,5
lisible,2,3.300000,0.978721,1,5
minutie,0,3.500000,0.606977,0,4
parader,0,2.850000,0.366348,0,6
picorer,1,2.700000,0.571241,1,5
poussif,1,3.100000,0.852242,1,7
venelle,0,2.950000,0.604805,0,4
ameuter,1,2.650000,0.587143,1,3
cambrer,0,2.850000,0.366348,0,4
censure,0,2.900000,0.307794,0,4
cézigue,1,3.700000,0.732695,1,3
culasse,0,3.100000,0.640723,0,4
cyclone,0,3.800000,0.410391,0,3
dancing,0,3.700000,0.470162,0,4
déboire,0,2.800000,0.410391,0,4
douille,5,2.300000,0.864505,1,4
emmerde,0,3.850000,0.366348,0,5
inclure,0,3.400000,0.680557,0,5
macabre,0,2.950000,0.223607,0,5
mélopée,0,3.800000,0.523148,0,5
modérer,0,2.800000,0.410391,0,4
mousser,2,2.550000,0.686333,1,6
palabre,0,2.900000,0.552506,0,4
patelin,0,3.600000,0.502625,0,4
pelisse,0,3.350000,0.670820,0,4
peureux,1,3.050000,0.686333,1,4
poivrot,0,3.900000,0.307794,0,4
rainure,0,2.950000,0.223607,0,4
saillir,4,2.350000,0.812728,3,7
trivial,0,3.800000,0.410391,0,4
anémone,0,3.900000,0.307794,0,3
annexer,0,3.550000,0.604805,0,4
bigoudi,0,4.150000,0.489360,0,4
cajoler,0,2.850000,0.366348,0,3
constat,0,3.000000,0.458831,0,5
crapule,0,3.200000,0.523148,0,5
déloger,0,2.450000,0.510418,0,4
fortuné,1,3.400000,0.940325,1,7
hussard,0,3.900000,0.307794,0,3
quatuor,0,3.950000,0.223607,0,4
raciste,1,3.300000,0.732695,1,6
risible,2,3.200000,0.894427,1,4
truquer,2,2.500000,0.688247,1,4
adoptif,0,3.650000,0.587143,0,6
affiner,0,2.750000,0.444262,0,5
agilité,0,3.550000,0.759155,0,3
caramel,0,3.550000,0.510418,0,4
carnage,0,2.700000,0.470162,0,4
chardon,1,3.050000,0.759155,1,5
cuisson,2,2.550000,0.825578,2,5
découpé,0,3.450000,0.510418,0,5
élevage,0,3.850000,0.366348,0,3
émilien,0,3.350000,0.489360,0,4
fortuit,0,3.250000,0.716350,0,6
orgasme,0,4.000000,0.000000,0,4
peloter,1,2.750000,0.550120,1,6
pillage,2,3.200000,0.951453,1,4
suraigu,0,4.000000,0.000000,0,4
tournoi,0,3.400000,0.680557,0,6
trognon,0,3.600000,0.598243,0,4
valoche,1,2.900000,0.718185,1,4
vanille,0,2.900000,0.307794,0,4
compote,0,2.700000,0.470162,0,6
échoppe,0,3.650000,0.587143,0,5
émigrer,0,3.000000,0.000000,0,4
engrais,0,3.700000,0.656947,0,4
flambée,0,3.800000,0.523148,0,6
fleurer,2,2.600000,0.680557,2,6
gigoter,1,2.650000,0.587143,1,2
insigne,1,3.250000,0.786398,1,4
moutard,0,3.100000,0.640723,0,4
myriade,0,3.500000,0.606977,0,3
osselet,0,3.850000,0.366348,0,3
platine,1,2.750000,0.550120,1,5
railler,3,2.150000,0.670820,1,4
repaire,1,2.800000,0.523148,1,4
sailler,4,1.900000,0.552506,2,6
sauveur,0,2.850000,0.366348,0,5
terrine,0,2.750000,0.444262,0,6
avarice,0,3.850000,0.366348,0,4
blaguer,0,2.700000,0.470162,0,4
camping,0,3.400000,0.502625,0,5
casseur,1,2.500000,0.606977,1,5
concept,1,2.800000,0.523148,1,6
crémeux,0,3.500000,0.606977,0,4
dompter,1,2.750000,0.550120,1,4
faiseur,0,2.700000,0.470162,0,4
frusque,2,2.950000,0.944513,2,3
grisant,0,3.050000,0.394034,0,4
hameçon,0,3.700000,0.656947,0,3
madrier,0,2.900000,0.307794,0,3
nervure,0,2.900000,0.307794,0,5
occulte,0,3.700000,0.470162,0,5
offense,0,3.750000,0.550120,0,2
optique,0,2.900000,0.307794,0,3
orfèvre,0,3.950000,0.223607,0,3
pérorer,0,2.800000,0.410391,0,4
potager,0,2.950000,0.223607,0,4
remuant,0,2.950000,0.510418,0,4
sadique,0,2.850000,0.366348,0,3
soulevé,0,3.500000,0.512989,0,5
vampire,0,3.450000,0.510418,0,3
volière,0,2.850000,0.366348,0,4
alvéole,0,3.900000,0.447214,0,3
brassée,0,3.350000,0.587143,0,6
calciné,0,3.500000,0.512989,0,4
capsule,0,3.350000,0.745160,0,4
clément,1,3.250000,0.850696,1,4
débiner,1,2.300000,0.571241,1,5
dégaine,0,3.200000,0.767772,0,5
ébattre,1,3.450000,0.825578,1,4
éjecter,0,3.050000,0.394034,0,2
embûche,0,3.900000,0.307794,0,4
envolée,0,3.750000,0.550120,0,6
exécrer,0,2.950000,0.223607,0,3
facette,0,2.750000,0.444262,0,4
fertile,0,2.900000,0.307794,0,4
filière,0,2.650000,0.489360,0,4
griotte,0,3.250000,0.550120,0,4
maillon,2,2.550000,0.686333,2,7
massage,2,2.700000,0.656947,2,4
ouvrant,0,2.800000,0.615587,0,6
prenant,0,2.850000,0.366348,0,5
supposé,0,3.750000,0.550120,0,6
tentant,1,2.700000,0.571241,1,5
tringle,0,3.250000,0.638666,0,4
vétuste,0,3.550000,0.510418,0,3
vouivre,0,3.050000,0.394034,0,4
vriller,3,2.300000,0.732695,2,2
albâtre,0,3.650000,0.587143,0,3
attardé,0,3.650000,0.587143,0,5
branque,1,2.600000,0.598243,1,5
chaland,0,3.700000,0.470162,0,5
concile,0,2.900000,0.307794,0,5
écluser,0,2.600000,0.502625,0,4
effréné,0,4.050000,0.686333,0,5
frégate,0,3.650000,0.489360,0,3
inanimé,0,3.750000,0.550120,0,3
indemne,0,3.350000,0.670820,0,4
loyauté,0,4.150000,0.587143,0,3
lyrisme,0,3.650000,0.670820,0,5
pluriel,0,3.800000,0.410391,0,4
rentier,3,2.400000,0.753937,2,5
sablier,1,2.550000,0.604805,1,4
torsion,0,2.950000,0.604805,0,5
vermeil,0,3.750000,0.444262,0,5
apposer,1,2.500000,0.606977,1,4
bestial,1,3.500000,0.760886,1,7
bibiche,0,3.450000,0.604805,0,4
bleuter,0,2.650000,0.489360,0,4
bouffir,1,2.700000,0.571241,1,6
buvette,1,2.800000,0.695852,1,3
caisson,1,2.600000,0.598243,1,4
dallage,0,2.850000,0.366348,0,3
décéder,1,2.550000,0.604805,1,4
déchoir,0,3.100000,0.447214,0,5
déserté,0,3.200000,0.695852,0,4
épargne,0,3.750000,0.444262,0,4
flirter,0,2.750000,0.444262,0,4
inceste,0,2.950000,0.394034,0,4
loubard,0,3.550000,0.686333,0,4
luzerne,0,3.450000,0.604805,0,3
mangeur,0,2.600000,0.502625,0,4
nacelle,0,2.900000,0.552506,0,3
pommade,0,3.350000,0.745160,0,5
poussin,2,2.550000,0.686333,2,7
récuser,1,2.400000,0.598243,1,5
revoilà,0,4.000000,0.000000,0,4
rougeur,1,2.550000,0.604805,1,4
adjurer,0,2.850000,0.366348,0,4
bandage,0,3.050000,0.510418,0,5
baratin,0,3.550000,0.604805,0,5
beurrer,1,2.650000,0.587143,1,4
écaillé,1,3.350000,0.812728,1,7
écuelle,1,2.850000,0.489360,1,4
entouré,0,3.400000,0.680557,0,5
idiotie,0,3.800000,0.410391,0,2
mélangé,1,3.600000,0.820783,1,7
météore,0,3.600000,0.598243,0,4
missive,0,3.550000,0.686333,0,6
pieuvre,0,3.800000,0.410391,0,3
préface,0,3.300000,0.732695,0,5
racisme,1,3.450000,0.759155,1,6
révolté,1,3.500000,0.827170,1,7
riposte,0,3.600000,0.502625,0,3
viscère,1,2.950000,0.686333,1,4
agencer,0,2.950000,0.223607,0,3
arrimer,1,2.700000,0.571241,1,5
brimade,1,3.400000,0.820783,1,4
cailler,4,1.850000,0.489360,2,6
chanvre,0,3.300000,0.571241,0,5
coulant,4,2.450000,0.825578,3,5
crucial,0,3.700000,0.470162,0,4
écharde,1,3.250000,0.786398,1,6
empirer,3,2.600000,0.753937,3,5
fichier,0,2.950000,0.394034,0,4
friable,0,3.150000,0.489360,0,4
gâterie,0,3.600000,0.753937,0,2
goéland,0,3.700000,0.470162,0,3
insurgé,0,3.800000,0.410391,0,5
kleenex,0,4.100000,0.307794,0,2
montage,0,2.850000,0.366348,0,6
morfler,0,2.650000,0.489360,0,4
piocher,0,2.750000,0.444262,0,3
planton,0,3.300000,0.571241,0,6
prélude,0,3.700000,0.470162,0,4
raboter,1,2.700000,0.571241,1,3
rebours,1,3.500000,0.888523,1,4
récrier,0,2.700000,0.470162,0,4
rongeur,3,2.400000,0.753937,3,4
terrier,0,2.750000,0.444262,0,6
théière,0,3.000000,0.458831,0,4
torpédo,0,4.100000,0.718185,0,5
torsade,1,3.150000,0.812728,1,5
végéter,0,2.850000,0.366348,0,6
affecté,0,3.900000,0.307794,0,4
avenant,0,3.350000,0.587143,0,4
caillot,2,2.650000,0.670820,2,7
casaque,0,2.900000,0.307794,0,4
clapier,1,2.750000,0.550120,1,4
cocasse,0,3.450000,0.759155,0,4
décence,0,2.800000,0.410391,0,5
délayer,0,2.500000,0.512989,0,5
dévasté,0,3.400000,0.598243,0,5
entorse,0,3.400000,0.502625,0,5
gourdin,0,3.050000,0.394034,0,4
immigré,0,4.000000,0.324443,0,4
imprimé,0,3.950000,0.510418,0,5
mariner,0,2.750000,0.444262,0,5
mézigue,1,3.550000,0.759155,1,3
ondoyer,0,3.400000,0.680557,0,4
pénurie,0,3.650000,0.489360,0,4
poireau,0,2.900000,0.307794,0,5
profane,0,3.400000,0.680557,0,5
rampant,0,2.850000,0.366348,0,4
récurer,1,2.500000,0.606977,1,5
saignée,0,3.500000,0.688247,0,6
sentant,1,2.600000,0.598243,1,5
typique,0,3.050000,0.604805,0,2
veuvage,0,3.550000,0.604805,0,3
amocher,0,2.800000,0.410391,0,4
amputer,2,2.650000,0.670820,2,4
assiégé,0,3.900000,0.307794,0,4
beignet,0,3.250000,0.716350,0,3
cassant,1,2.850000,0.489360,1,5
cerceau,2,2.750000,0.850696,2,5
dentier,2,2.650000,0.670820,1,5
enrôler,0,2.800000,0.410391,0,4
gorille,0,2.550000,0.510418,0,3
imputer,1,2.750000,0.550120,1,4
nullité,0,3.600000,0.598243,0,3
passeur,2,2.650000,0.670820,2,5
pétoche,0,3.000000,0.458831,0,4
saboter,1,2.550000,0.604805,1,4
scooter,1,2.700000,0.571241,1,3
soufflé,1,3.400000,0.753937,1,7
zyeuter,0,2.900000,0.307794,0,2
accoler,1,2.700000,0.571241,1,4
audible,0,3.350000,0.489360,0,3
baryton,0,3.850000,0.489360,0,4
bastion,0,3.000000,0.458831,0,4
bouffon,0,2.800000,0.615587,0,6
chiquer,1,2.600000,0.598243,1,4
chopine,0,3.450000,0.510418,0,4
conquis,0,3.400000,0.680557,0,4
démenti,0,3.300000,0.656947,0,6
dentelé,0,3.600000,0.502625,0,5
éberlué,0,3.950000,0.223607,0,3
éboueur,0,2.900000,0.307794,0,5
fondant,0,2.750000,0.444262,0,3
léopard,0,3.900000,0.307794,0,3
linceul,0,3.700000,0.470162,0,3
méninge,0,3.300000,0.656947,0,4
mordant,0,2.650000,0.489360,0,4
moulure,0,2.800000,0.410391,0,4
navrant,0,3.150000,0.587143,0,4
négligé,0,3.800000,0.410391,0,4
pitance,0,3.200000,0.695852,0,3
plomber,0,2.900000,0.307794,0,4
plumeau,0,3.150000,0.670820,0,5
rombier,0,2.650000,0.489360,0,4
ambigüe,0,3.900000,0.307794,0,5
