0.00000000,3.93814857,3.75495603,3.93045317,3.75017920,4.19506538,2.72257976,4.41569356,4.12100812,4.07604623,3.99213335,4.49717034,4.05613135
3.93814857,0.00000000,3.38748722,3.45415947,4.45816876,3.21312847,4.12909873,3.77653195,4.74590822,4.46540189,4.80679662,4.71601095,4.98809122
3.75495603,3.38748722,0.00000000,4.06022417,3.89384814,4.25378917,3.77284650,4.17337359,4.05504255,5.05132138,4.50118868,5.16589539,4.68381656
3.93045317,3.45415947,4.06022417,0.00000000,3.30367356,3.36754835,3.91212844,3.76228412,3.80505130,3.71268164,4.74398252,4.58994958,5.00520599
3.75017920,4.45816876,3.89384814,3.30367356,0.00000000,3.96597144,3.21269799,3.99541779,3.20069931,4.17261680,4.06207312,5.09104644,4.41384735
4.19506538,3.21312847,4.25378917,3.36754835,3.96597144,0.00000000,3.63044021,3.13639849,4.34416606,3.76473685,4.69377289,4.29231434,4.82607109
2.72257976,4.12909873,3.77284650,3.91212844,3.21269799,3.63044021,0.00000000,3.40781687,3.27757975,3.57330308,3.12406047,3.74188282,3.11039358
4.41569356,3.77653195,4.17337359,3.76228412,3.99541779,3.13639849,3.40781687,0.00000000,3.68743910,3.63697572,4.02420296,4.05838245,4.50510920
4.12100812,4.74590822,4.05504255,3.80505130,3.20069931,4.34416606,3.27757975,3.68743910,0.00000000,3.32199730,3.12454668,4.38240734,3.86568902
4.07604623,4.46540189,5.05132138,3.71268164,4.17261680,3.76473685,3.57330308,3.63697572,3.32199730,0.00000000,3.60684340,3.65315053,4.12600246
3.99213335,4.80679662,4.50118868,4.74398252,4.06207312,4.69377289,3.12406047,4.02420296,3.12454668,3.60684340,0.00000000,3.72194995,3.27222203
4.49717034,4.71601095,5.16589539,4.58994958,5.09104644,4.29231434,3.74188282,4.05838245,4.38240734,3.65315053,3.72194995,0.00000000,3.75517130
4.05613135,4.98809122,4.68381656,5.00520599,4.41384735,4.82607109,3.11039358,4.50510920,3.86568902,4.12600246,3.27222203,3.75517130,0.00000000
0.00000000,3.09643189,3.21705955,4.08232259,3.66918986,4.19727032,3.32541490,5.16416614,4.42203840,4.81950848,4.29534678,4.57327141,4.27560178
3.09643189,0.00000000,3.33454605,3.60725357,4.40370756,3.63772708,4.07019073,4.54503930,4.95338046,4.92558742,4.61986094,4.56024290,4.96448588
3.21705955,3.33454605,0.00000000,3.94389047,3.52592526,4.10740300,3.49282828,4.29151591,3.88311706,5.22623469,4.15890165,4.84904250,4.50140444
4.08232259,3.60725357,3.94389047,0.00000000,3.49223843,3.32483807,3.80714496,3.97516375,4.03376024,4.06113972,4.70933362,4.31890330,4.90819402
3.66918986,4.40370756,3.52592526,3.49223843,0.00000000,3.72262518,2.68614098,3.92077060,2.38117494,4.01506884,3.43792099,4.28332069,3.89279986
4.19727032,3.63772708,4.10740300,3.32483807,3.72262518,0.00000000,3.25611941,3.25150815,3.70477596,3.94634694,4.02518015,3.74038694,4.34095380
3.32541490,4.07019073,3.49282828,3.80714496,2.68614098,3.25611941,0.00000000,3.44275928,2.68116677,3.62082273,2.94882878,3.09033773,2.80583911
5.16416614,4.54503930,4.29151591,3.97516375,3.92077060,3.25150815,3.44275928,0.00000000,3.41307879,3.82964512,3.91924586,3.66932362,3.97273556
4.42203840,4.95338046,3.88311706,4.03376024,2.38117494,3.70477596,2.68116677,3.41307879,0.00000000,3.34155328,2.73508564,3.80353369,3.54393208
4.81950848,4.92558742,5.22623469,4.06113972,4.01506884,3.94634694,3.62082273,3.82964512,3.34155328,0.00000000,3.43582243,3.22537224,3.89587803
4.29534678,4.61986094,4.15890165,4.70933362,3.43792099,4.02518015,2.94882878,3.91924586,2.73508564,3.43582243,0.00000000,3.23493016,3.32869344
4.57327141,4.56024290,4.84904250,4.31890330,4.28332069,3.74038694,3.09033773,3.66932362,3.80353369,3.22537224,3.23493016,0.00000000,3.19671588
4.27560178,4.96448588,4.50140444,4.90819402,3.89279986,4.34095380,2.80583911,3.97273556,3.54393208,3.89587803,3.32869344,3.19671588,0.00000000
0.00000000,4.07767566,3.65370206,3.70298840,3.57306565,3.88772994,3.10541956,4.93755464,4.34726859,4.81100155,4.59136429,4.72192513,4.03065095
4.07767566,0.00000000,3.61682857,3.63650877,4.84376081,3.89376729,4.76588153,4.56498679,5.54484321,5.48380285,5.55926633,5.23067079,5.38871365
3.65370206,3.61682857,0.00000000,3.95938294,3.56640004,4.30008453,3.90794783,4.64432346,4.41662987,5.63726235,4.76556318,5.35620614,4.56827731
3.70298840,3.63650877,3.95938294,0.00000000,3.63124259,3.35730304,4.01696103,4.22547581,4.35844464,4.39016239,5.26191838,4.64994635,4.85635180
3.57306565,4.84376081,3.56640004,3.63124259,0.00000000,3.80510253,3.10716573,4.26408032,3.06882137,4.67041928,4.21919448,5.05479106,4.14107056
3.88772994,3.89376729,4.30008453,3.35730304,3.80510253,0.00000000,3.47239493,3.33848492,4.05319410,3.99709781,4.43604328,4.15442817,4.55264508
3.10541956,4.76588153,3.90794783,4.01696103,3.10716573,3.47239493,0.00000000,3.66413719,2.83318750,3.86165516,3.26493983,3.95979049,2.81376666
4.93755464,4.56498679,4.64432346,4.22547581,4.26408032,3.33848492,3.66413719,0.00000000,3.77672384,4.16170646,4.50391725,4.14729158,4.37618479
4.34726859,5.54484321,4.41662987,4.35844464,3.06882137,4.05319410,2.83318750,3.77672384,0.00000000,3.60759085,3.08352846,4.23945050,3.58820103
4.81100155,5.48380285,5.63726235,4.39016239,4.67041928,3.99709781,3.86165516,4.16170646,3.60759085,0.00000000,3.31247516,3.08006008,3.97361835
4.59136429,5.55926633,4.76556318,5.26191838,4.21919448,4.43604328,3.26493983,4.50391725,3.08352846,3.31247516,0.00000000,3.65105769,3.04057833
4.72192513,5.23067079,5.35620614,4.64994635,5.05479106,4.15442817,3.95979049,4.14729158,4.23945050,3.08006008,3.65105769,0.00000000,3.26913876
4.03065095,5.38871365,4.56827731,4.85635180,4.14107056,4.55264508,2.81376666,4.37618479,3.58820103,3.97361835,3.04057833,3.26913876,0.00000000
0.00000000,3.45829762,3.42685986,3.70332638,3.81665179,3.89451330,3.06995763,4.76192727,4.23347771,4.43301378,4.68447221,4.71143555,4.44660157
3.45829762,0.00000000,3.41355503,3.33577948,4.30950628,3.76139192,4.26440995,4.19989919,5.17787393,4.57185077,5.25063839,4.87766704,5.05278825
3.42685986,3.41355503,0.00000000,3.85580670,3.67223833,4.50986263,3.86803005,4.40831527,4.28643431,4.93516329,4.81150250,5.07155500,4.60165388
3.70332638,3.33577948,3.85580670,0.00000000,3.47263522,3.41296093,3.76392603,3.86945442,4.00722729,3.81410494,5.11170752,4.51634581,4.89229532
3.81665179,4.30950628,3.67223833,3.47263522,0.00000000,3.98780341,3.19327491,3.69135643,2.78891525,4.25971688,4.22259821,4.94292483,4.55271424
3.89451330,3.76139192,4.50986263,3.41296093,3.98780341,0.00000000,3.27696699,3.21278832,4.12363316,3.85819039,4.37488711,3.83306821,4.66885631
3.06995763,4.26440995,3.86803005,3.76392603,3.19327491,3.27696699,0.00000000,3.57395863,2.66178398,3.42177613,3.43142637,3.68863326,3.37196776
4.76192727,4.19989919,4.40831527,3.86945442,3.69135643,3.21278832,3.57395863,0.00000000,3.73415392,3.77402722,4.43378805,4.02656132,4.50344334
4.23347771,5.17787393,4.28643431,4.00722729,2.78891525,4.12363316,2.66178398,3.73415392,0.00000000,3.30497504,3.38232383,4.15801475,4.01070383
4.43301378,4.57185077,4.93516329,3.81410494,4.25971688,3.85819039,3.42177613,3.77402722,3.30497504,0.00000000,3.35954058,3.11513910,4.02101357
4.68447221,5.25063839,4.81150250,5.11170752,4.22259821,4.37488711,3.43142637,4.43378805,3.38232383,3.35954058,0.00000000,3.33238416,3.57757966
4.71143555,4.87766704,5.07155500,4.51634581,4.94292483,3.83306821,3.68863326,4.02656132,4.15801475,3.11513910,3.33238416,0.00000000,3.25827834
4.44660157,5.05278825,4.60165388,4.89229532,4.55271424,4.66885631,3.37196776,4.50344334,4.01070383,4.02101357,3.57757966,3.25827834,0.00000000
0.00000000,3.13990846,3.06189177,3.88466034,3.80433272,4.28680498,3.17046249,4.84520240,4.27679324,4.49788953,4.30292654,4.50300602,4.27888126
3.13990846,0.00000000,3.71990273,3.65478130,4.65395844,4.03324760,4.21222857,4.43229882,5.21761229,4.89127432,5.09025252,4.57667412,5.17948117
3.06189177,3.71990273,0.00000000,3.72917151,3.70916397,4.57839731,3.64400774,4.24996551,4.09023694,5.25753638,4.62609407,4.84291278,4.57931865
3.88466034,3.65478130,3.72917151,0.00000000,3.37580864,3.60875661,3.89359115,3.59402265,3.93824854,3.91369206,4.84037356,4.52832057,4.94630430
3.80433272,4.65395844,3.70916397,3.37580864,0.00000000,3.90644232,2.85719488,3.83205392,2.41707416,3.80251051,3.85143071,4.62119815,4.03387158
4.28680498,4.03324760,4.57839731,3.60875661,3.90644232,0.00000000,3.32554932,3.15940403,4.10024374,3.82226032,4.40282689,3.56465370,4.46294518
3.17046249,4.21222857,3.64400774,3.89359115,2.85719488,3.32554932,0.00000000,3.47172701,2.74605791,3.63142202,2.96502204,3.41737395,2.76504888
4.84520240,4.43229882,4.24996551,3.59402265,3.83205392,3.15940403,3.47172701,0.00000000,3.55338389,3.92194315,4.31187794,3.79649744,4.03410682
4.27679324,5.21761229,4.09023694,3.93824854,2.41707416,4.10024374,2.74605791,3.55338389,0.00000000,3.31193705,3.06586401,3.91338747,3.48135872
4.49788953,4.89127432,5.25753638,3.91369206,3.80251051,3.82226032,3.63142202,3.92194315,3.31193705,0.00000000,3.28598076,3.80446722,4.02695866
4.30292654,5.09025252,4.62609407,4.84037356,3.85143071,4.40282689,2.96502204,4.31187794,3.06586401,3.28598076,0.00000000,3.65229444,2.91934038
4.50300602,4.57667412,4.84291278,4.52832057,4.62119815,3.56465370,3.41737395,3.79649744,3.91338747,3.80446722,3.65229444,0.00000000,3.30429226
4.27888126,5.17948117,4.57931865,4.94630430,4.03387158,4.46294518,2.76504888,4.03410682,3.48135872,4.02695866,2.91934038,3.30429226,0.00000000
0.00000000,3.61748591,3.30571462,3.92330611,3.62041166,4.15783907,3.21693599,4.72469630,3.75829463,4.62398391,4.86941011,4.61412529,4.20627819
3.61748591,0.00000000,3.61527036,3.57600127,4.45337603,3.75144996,4.30203461,4.00759935,4.71599943,4.84140329,5.32016780,4.45872328,4.74439133
3.30571462,3.61527036,0.00000000,3.81818825,3.52479587,4.56641812,3.57677661,3.86317193,3.77915416,5.19275207,4.79935210,4.88408696,4.26237030
3.92330611,3.57600127,3.81818825,0.00000000,3.92586670,3.31424201,3.87355531,3.94729935,4.05206135,4.02340379,5.31484276,4.01963142,4.69567158
3.62041166,4.45337603,3.52479587,3.92586670,0.00000000,3.65264318,2.86502438,3.81654292,2.36525057,4.45356628,4.40328968,4.85794245,4.20308068
4.15783907,3.75144996,4.56641812,3.31424201,3.65264318,0.00000000,3.44604821,3.31774078,3.94132260,3.89954023,4.59362056,4.01092536,4.59545488
3.21693599,4.30203461,3.57677661,3.87355531,2.86502438,3.44604821,0.00000000,3.41702315,2.09068562,3.74812238,3.51597474,3.76489308,3.05937330
4.72469630,4.00759935,3.86317193,3.94729935,3.81654292,3.31774078,3.41702315,0.00000000,3.64693693,4.22784554,4.37651554,4.01144396,3.99158081
3.75829463,4.71599943,3.77915416,4.05206135,2.36525057,3.94132260,2.09068562,3.64693693,0.00000000,3.57918165,3.63195138,4.06745833,3.30419776
4.62398391,4.84140329,5.19275207,4.02340379,4.45356628,3.89954023,3.74812238,4.22784554,3.57918165,0.00000000,4.27520416,3.60344672,4.39548399
4.86941011,5.32016780,4.79935210,5.31484276,4.40328968,4.59362056,3.51597474,4.37651554,3.63195138,4.27520416,0.00000000,3.59390444,3.31241203
4.61412529,4.45872328,4.88408696,4.01963142,4.85794245,4.01092536,3.76489308,4.01144396,4.06745833,3.60344672,3.59390444,0.00000000,3.38263128
4.20627819,4.74439133,4.26237030,4.69567158,4.20308068,4.59545488,3.05937330,3.99158081,3.30419776,4.39548399,3.31241203,3.38263128,0.00000000
0.00000000,3.75544548,3.91849776,4.45286024,3.80320562,4.16855424,3.14344780,4.88330612,4.39391254,4.47694958,4.09802823,4.52420186,4.19101284
3.75544548,0.00000000,4.11170724,3.82120413,4.56750662,3.46771425,4.03635329,4.23572850,5.17885804,4.57440989,4.93809442,4.33492619,4.99510305
3.91849776,4.11170724,0.00000000,3.79280847,3.16614032,3.90131268,3.49894698,3.95619827,3.90757138,4.81670053,4.38681633,4.72424576,4.21466478
4.45286024,3.82120413,3.79280847,0.00000000,3.46118215,3.39972907,3.83754599,3.93181650,4.05914608,3.78197227,5.01583978,4.06839596,4.99863717
3.80320562,4.56750662,3.16614032,3.46118215,0.00000000,3.61898531,3.07727887,3.93521939,2.61493233,3.64644543,3.81770611,4.43733408,4.16887983
4.16855424,3.46771425,3.90131268,3.39972907,3.61898531,0.00000000,3.12709475,3.14148713,3.91204570,3.35448891,3.98061146,3.60889044,4.58381347
3.14344780,4.03635329,3.49894698,3.83754599,3.07727887,3.12709475,0.00000000,3.29382017,3.01194814,3.14348506,2.91815128,3.29545240,2.87399436
4.88330612,4.23572850,3.95619827,3.93181650,3.93521939,3.14148713,3.29382017,0.00000000,3.49572967,3.50262191,4.17186062,3.73377832,4.12916286
4.39391254,5.17885804,3.90757138,4.05914608,2.61493233,3.91204570,3.01194814,3.49572967,0.00000000,3.02838217,3.38744014,4.16753657,3.73486430
4.47694958,4.57440989,4.81670053,3.78197227,3.64644543,3.35448891,3.14348506,3.50262191,3.02838217,0.00000000,3.44632543,3.02230731,3.88519325
4.09802823,4.93809442,4.38681633,5.01583978,3.81770611,3.98061146,2.91815128,4.17186062,3.38744014,3.44632543,0.00000000,3.25137008,2.92556785
4.52420186,4.33492619,4.72424576,4.06839596,4.43733408,3.60889044,3.29545240,3.73377832,4.16753657,3.02230731,3.25137008,0.00000000,3.78535845
4.19101284,4.99510305,4.21466478,4.99863717,4.16887983,4.58381347,2.87399436,4.12916286,3.73486430,3.88519325,2.92556785,3.78535845,0.00000000
0.00000000,3.24974052,3.67942770,3.83595148,3.40486560,3.85409118,3.07209308,4.86770215,4.32676740,4.43265435,4.30477972,4.62142285,3.95391949
3.24974052,0.00000000,4.19881708,3.68697846,4.33916243,3.69433761,4.19109385,4.21960732,4.97528864,4.33784338,4.92729014,4.37418734,4.66430649
3.67942770,4.19881708,0.00000000,3.70422693,2.79597459,4.27310388,3.76981781,3.84715488,3.71640985,5.03649506,4.61642291,4.88732755,4.32235224
3.83595148,3.68697846,3.70422693,0.00000000,3.28943368,3.15771761,3.75964621,3.67344570,4.10919389,3.73528192,5.00538865,4.09447660,4.57280484
3.40486560,4.33916243,2.79597459,3.28943368,0.00000000,3.76889343,2.89020807,3.72235262,2.81254708,4.07134563,3.95520269,4.57034553,3.86374098
3.85409118,3.69433761,4.27310388,3.15771761,3.76889343,0.00000000,3.54653606,3.54923845,4.15303234,3.77207218,4.42729236,3.65203292,4.39724415
3.07209308,4.19109385,3.76981781,3.75964621,2.89020807,3.54653606,0.00000000,3.56698443,3.12122063,3.45959571,3.21192361,3.48783840,2.81133776
4.86770215,4.21960732,3.84715488,3.67344570,3.72235262,3.54923845,3.56698443,0.00000000,3.40500557,3.61113790,4.30889950,3.59203212,3.96864065
4.32676740,4.97528864,3.71640985,4.10919389,2.81254708,4.15303234,3.12122063,3.40500557,0.00000000,3.46551573,3.20137481,4.00250108,3.84116678
4.43265435,4.33784338,5.03649506,3.73528192,4.07134563,3.77207218,3.45959571,3.61113790,3.46551573,0.00000000,3.40204644,3.06259421,3.77283555
4.30477972,4.92729014,4.61642291,5.00538865,3.95520269,4.42729236,3.21192361,4.30889950,3.20137481,3.40204644,0.00000000,3.40819250,2.67613804
4.62142285,4.37418734,4.88732755,4.09447660,4.57034553,3.65203292,3.48783840,3.59203212,4.00250108,3.06259421,3.40819250,0.00000000,3.23953602
3.95391949,4.66430649,4.32235224,4.57280484,3.86374098,4.39724415,2.81133776,3.96864065,3.84116678,3.77283555,2.67613804,3.23953602,0.00000000
0.00000000,3.37060336,2.76709879,3.84044187,3.57854453,4.25346159,2.97673114,4.94141026,3.97631418,4.39365565,3.91661873,4.45418152,3.81438317
3.37060336,0.00000000,3.21255308,3.61624456,4.25841360,3.81219952,4.04201252,4.10715038,4.69674148,4.26721595,4.59847856,4.24726254,4.57151021
2.76709879,3.21255308,0.00000000,3.91273654,3.08177077,4.29450387,2.97610665,3.96975875,3.58198370,4.72713935,3.85975074,4.37243136,3.55542043
3.84044187,3.61624456,3.91273654,0.00000000,4.01540050,3.46941642,3.63302642,4.03285192,4.12338456,3.89939568,4.58762646,4.06937432,4.32111784
3.57854453,4.25841360,3.08177077,4.01540050,0.00000000,3.62687485,2.83151451,3.81541997,2.65765318,4.09805611,3.61913073,4.67684907,3.71028738
4.25346159,3.81219952,4.29450387,3.46941642,3.62687485,0.00000000,3.50613321,3.08197228,3.93430929,3.61235655,4.31584238,4.05925013,4.41883231
2.97673114,4.04201252,2.97610665,3.63302642,2.83151451,3.50613321,0.00000000,3.59659819,2.86316978,3.68206548,2.81263904,3.67206485,2.51694666
4.94141026,4.10715038,3.96975875,4.03285192,3.81541997,3.08197228,3.59659819,0.00000000,3.57650342,3.87227353,4.17120216,3.93846444,4.06046888
3.97631418,4.69674148,3.58198370,4.12338456,2.65765318,3.93430929,2.86316978,3.57650342,0.00000000,3.05883475,3.20920345,4.07166556,3.26109655
4.39365565,4.26721595,4.72713935,3.89939568,4.09805611,3.61235655,3.68206548,3.87227353,3.05883475,0.00000000,3.66337653,3.41121402,3.69535617
3.91661873,4.59847856,3.85975074,4.58762646,3.61913073,4.31584238,2.81263904,4.17120216,3.20920345,3.66337653,0.00000000,3.30371405,2.54000144
4.45418152,4.24726254,4.37243136,4.06937432,4.67684907,4.05925013,3.67206485,3.93846444,4.07166556,3.41121402,3.30371405,0.00000000,3.12575023
3.81438317,4.57151021,3.55542043,4.32111784,3.71028738,4.41883231,2.51694666,4.06046888,3.26109655,3.69535617,2.54000144,3.12575023,0.00000000
0.00000000,3.50435849,3.32319521,3.61081390,3.49174261,3.50928461,2.92566401,4.66463918,4.20893974,4.56458330,3.99756737,4.77879103,3.98799727
3.50435849,0.00000000,3.36335765,3.09069556,3.99203851,3.25876983,3.90858985,3.57645978,4.76319945,4.33753586,4.75315560,4.56058764,4.71098442
3.32319521,3.36335765,0.00000000,3.61754161,3.13909972,3.91794522,3.45725526,3.77453419,3.83664985,5.10088898,4.33200126,5.13484486,4.41373464
3.61081390,3.09069556,3.61754161,0.00000000,3.33878470,3.34453346,3.44356794,3.62050189,4.11682530,3.88731289,4.63619995,4.51952927,4.60709222
3.49174261,3.99203851,3.13909972,3.33878470,0.00000000,3.53799366,2.87350681,3.67255325,2.67463519,4.33632053,4.03199045,4.87804733,4.08963064
3.50928461,3.25876983,3.91794522,3.34453346,3.53799366,0.00000000,3.24873492,3.17686281,4.15948108,3.69480618,4.32946483,4.06184421,4.49184916
2.92566401,3.90858985,3.45725526,3.44356794,2.87350681,3.24873492,0.00000000,3.48450665,3.01275977,3.57168713,2.92588157,3.98051931,2.91364783
4.66463918,3.57645978,3.77453419,3.62050189,3.67255325,3.17686281,3.48450665,0.00000000,3.34864423,3.91017508,4.28377665,4.32008824,4.29677628
4.20893974,4.76319945,3.83664985,4.11682530,2.67463519,4.15948108,3.01275977,3.34864423,0.00000000,3.78953185,3.30583804,4.43175266,3.44217053
4.56458330,4.33753586,5.10088898,3.88731289,4.33632053,3.69480618,3.57168713,3.91017508,3.78953185,0.00000000,3.37069414,3.15924249,3.58679640
3.99756737,4.75315560,4.33200126,4.63619995,4.03199045,4.32946483,2.92588157,4.28377665,3.30583804,3.37069414,0.00000000,3.20565533,2.29639000
4.77879103,4.56058764,5.13484486,4.51952927,4.87804733,4.06184421,3.98051931,4.32008824,4.43175266,3.15924249,3.20565533,0.00000000,3.50195064
3.98799727,4.71098442,4.41373464,4.60709222,4.08963064,4.49184916,2.91364783,4.29677628,3.44217053,3.58679640,2.29639000,3.50195064,0.00000000
0.00000000,4.00280144,3.40116591,4.02979503,3.68263735,4.04298897,3.03470885,4.93991517,4.29762530,4.75774163,4.35911087,4.44278394,3.97815825
4.00280144,0.00000000,3.83049432,3.65754920,4.50525458,4.02546625,4.15117529,4.22755877,5.04899976,4.97222123,4.95118408,4.45539353,5.07622406
3.40116591,3.83049432,0.00000000,3.61810011,3.39914716,3.82148515,3.35192297,4.04259722,3.75664661,5.01692274,4.52263478,4.60875858,4.60006219
4.02979503,3.65754920,3.61810011,0.00000000,3.60069751,3.12240668,3.79354702,3.71143008,4.07193783,3.80774949,4.99984903,4.36738328,4.81065920
3.68263735,4.50525458,3.39914716,3.60069751,0.00000000,3.68558611,2.74175156,3.93847534,2.77735019,4.06745135,3.68622955,4.46427069,4.21927140
4.04298897,4.02546625,3.82148515,3.12240668,3.68558611,0.00000000,3.29380623,3.33514983,3.95902140,3.58354237,4.37481552,3.61359000,4.40517942
3.03470885,4.15117529,3.35192297,3.79354702,2.74175156,3.29380623,0.00000000,3.60668126,2.73376950,3.61450610,3.05339620,3.42414308,2.96700529
4.93991517,4.22755877,4.04259722,3.71143008,3.93847534,3.33514983,3.60668126,0.00000000,3.84267704,3.83574076,4.41936268,4.14356320,4.40176133
4.29762530,5.04899976,3.75664661,4.07193783,2.77735019,3.95902140,2.73376950,3.84267704,0.00000000,3.62964733,3.02582334,3.99558326,3.82567430
4.75774163,4.97222123,5.01692274,3.80774949,4.06745135,3.58354237,3.61450610,3.83574076,3.62964733,0.00000000,3.61264646,3.47032901,3.71805436
4.35911087,4.95118408,4.52263478,4.99984903,3.68622955,4.37481552,3.05339620,4.41936268,3.02582334,3.61264646,0.00000000,3.43431768,3.42995128
4.44278394,4.45539353,4.60875858,4.36738328,4.46427069,3.61359000,3.42414308,4.14356320,3.99558326,3.47032901,3.43431768,0.00000000,3.44252027
3.97815825,5.07622406,4.60006219,4.81065920,4.21927140,4.40517942,2.96700529,4.40176133,3.82567430,3.71805436,3.42995128,3.44252027,0.00000000
0.00000000,3.15596844,3.42806459,3.79472390,3.60222228,3.63365361,3.21204452,4.97317855,4.33631543,4.60839892,4.47597936,4.39797546,4.11865909
3.15596844,0.00000000,3.33602517,3.69203784,4.28495347,3.33189591,4.20185580,4.57064111,5.17219094,4.88348861,5.22034252,4.25228897,4.83765388
3.42806459,3.33602517,0.00000000,3.77190722,3.41972785,4.17781295,3.76380826,4.41591394,4.22909920,5.01008109,4.77150559,4.55610637,4.35809048
3.79472390,3.69203784,3.77190722,0.00000000,3.19081579,3.44776309,3.74863218,3.77234788,4.01318044,4.23190679,5.23278773,4.59868468,4.82209599
3.60222228,4.28495347,3.41972785,3.19081579,0.00000000,3.64660797,3.00015692,3.81404198,2.61274134,4.20907024,4.01682058,4.52723762,4.00888489
3.63365361,3.33189591,4.17781295,3.44776309,3.64660797,0.00000000,3.00525657,3.36051179,4.06354386,3.87668457,4.34989313,3.59234299,4.45123298
3.21204452,4.20185580,3.76380826,3.74863218,3.00015692,3.00525657,0.00000000,3.46074395,2.75446869,3.68123826,3.20571598,3.40114171,2.90653243
4.97317855,4.57064111,4.41591394,3.77234788,3.81404198,3.36051179,3.46074395,0.00000000,3.54259749,4.22904661,4.54638186,4.24513273,4.28589995
4.33631543,5.17219094,4.22909920,4.01318044,2.61274134,4.06354386,2.75446869,3.54259749,0.00000000,3.49457825,3.29649490,4.14789266,3.40675202
4.60839892,4.88348861,5.01008109,4.23190679,4.20907024,3.87668457,3.68123826,4.22904661,3.49457825,0.00000000,3.71320165,3.73215358,4.00115116
4.47597936,5.22034252,4.77150559,5.23278773,4.01682058,4.34989313,3.20571598,4.54638186,3.29649490,3.71320165,0.00000000,3.37893890,3.08779407
4.39797546,4.25228897,4.55610637,4.59868468,4.52723762,3.59234299,3.40114171,4.24513273,4.14789266,3.73215358,3.37893890,0.00000000,3.35185770
4.11865909,4.83765388,4.35809048,4.82209599,4.00888489,4.45123298,2.90653243,4.28589995,3.40675202,4.00115116,3.08779407,3.35185770,0.00000000
0.00000000,3.26355436,2.91405712,3.55050972,3.61723582,4.23787190,3.14211876,5.01416466,4.10827289,4.29563574,4.67128918,4.64932302,4.53722732
3.26355436,0.00000000,3.56537255,3.45816488,4.56293948,3.96775437,4.32730562,4.60398860,4.97762026,4.52975171,4.90751754,4.56581613,5.27982454
2.91405712,3.56537255,0.00000000,3.68380210,3.57415191,4.36190350,3.45957946,4.31959922,3.91834925,4.85511377,4.52365492,4.86082531,4.53838906
3.55050972,3.45816488,3.68380210,0.00000000,3.33651598,3.18051423,3.55454357,3.90193276,3.77544861,3.86929544,5.14595883,4.41605265,4.98645976
3.61723582,4.56293948,3.57415191,3.33651598,0.00000000,3.51890291,2.91109510,3.95941816,2.72594292,4.10880283,4.25023954,4.89665099,4.39974782
4.23787190,3.96775437,4.36190350,3.18051423,3.51890291,0.00000000,3.42791893,3.40184275,3.88231877,3.62984876,4.42750474,4.33941091,4.88042090
3.14211876,4.32730562,3.45957946,3.55454357,2.91109510,3.42791893,0.00000000,3.58114443,2.56888155,3.38773069,3.81581252,3.78182636,3.44860621
5.01416466,4.60398860,4.31959922,3.90193276,3.95941816,3.40184275,3.58114443,0.00000000,3.63311412,3.86219951,4.58521075,4.16078912,4.48340168
4.10827289,4.97762026,3.91834925,3.77544861,2.72594292,3.88231877,2.56888155,3.63311412,0.00000000,3.23893354,3.60728881,3.94293380,3.30573990
4.29563574,4.52975171,4.85511377,3.86929544,4.10880283,3.62984876,3.38773069,3.86219951,3.23893354,0.00000000,3.51393268,2.92520298,3.62471173
4.67128918,4.90751754,4.52365492,5.14595883,4.25023954,4.42750474,3.81581252,4.58521075,3.60728881,3.51393268,0.00000000,3.59479496,3.38463133
4.64932302,4.56581613,4.86082531,4.41605265,4.89665099,4.33941091,3.78182636,4.16078912,3.94293380,2.92520298,3.59479496,0.00000000,3.05228240
4.53722732,5.27982454,4.53838906,4.98645976,4.39974782,4.88042090,3.44860621,4.48340168,3.30573990,3.62471173,3.38463133,3.05228240,0.00000000
0.00000000,3.32670395,3.25420786,3.52583828,3.13684933,4.09546947,2.63699020,4.76395769,3.69304999,4.22500146,3.54302565,4.35686138,3.95960703
3.32670395,0.00000000,3.39070709,3.63773760,3.94567645,3.50998441,3.80014150,4.13033682,4.62886810,4.50521291,4.38662485,4.36196714,4.80370072
3.25420786,3.39070709,0.00000000,3.74590265,2.67755412,3.85707604,3.09807663,3.71575790,3.22386332,4.58093027,3.87439339,4.58707906,4.11337207
3.52583828,3.63773760,3.74590265,0.00000000,3.45481688,3.14195876,3.29649204,3.85160678,3.58975713,3.40796362,4.43322474,4.08155148,4.29431181
3.13684933,3.94567645,2.67755412,3.45481688,0.00000000,3.84097247,2.89465397,3.81009265,2.38535431,3.97090933,3.87368816,4.61789065,4.05981408
4.09546947,3.50998441,3.85707604,3.14195876,3.84097247,0.00000000,3.34012696,3.34090097,3.95886674,3.77003701,4.26071515,4.19823221,4.45877838
2.63699020,3.80014150,3.09807663,3.29649204,2.89465397,3.34012696,0.00000000,3.53902280,2.92630410,3.39033860,3.10665275,3.55391871,2.99632871
4.76395769,4.13033682,3.71575790,3.85160678,3.81009265,3.34090097,3.53902280,0.00000000,3.44515861,3.69151984,4.11007827,3.87268195,3.96324159
3.69304999,4.62886810,3.22386332,3.58975713,2.38535431,3.95886674,2.92630410,3.44515861,0.00000000,3.41993716,3.34229912,4.20455649,3.81699402
4.22500146,4.50521291,4.58093027,3.40796362,3.97090933,3.77003701,3.39033860,3.69151984,3.41993716,0.00000000,3.58946860,3.71938892,4.03851317
3.54302565,4.38662485,3.87439339,4.43322474,3.87368816,4.26071515,3.10665275,4.11007827,3.34229912,3.58946860,0.00000000,3.40059929,3.11568144
4.35686138,4.36196714,4.58707906,4.08155148,4.61789065,4.19823221,3.55391871,3.87268195,4.20455649,3.71938892,3.40059929,0.00000000,3.26984773
3.95960703,4.80370072,4.11337207,4.29431181,4.05981408,4.45877838,2.99632871,3.96324159,3.81699402,4.03851317,3.11568144,3.26984773,0.00000000
0.00000000,3.43210582,3.06147740,3.90308886,3.78954283,3.87568863,2.99913898,4.57148716,4.23984332,4.33839273,4.53187384,4.59955219,4.42873677
3.43210582,0.00000000,3.30669907,3.87811457,4.33821585,3.94679232,3.78817482,4.54372885,4.87442880,4.49428814,4.96457440,4.58914230,4.90461227
3.06147740,3.30669907,0.00000000,3.50560984,2.87391516,3.81765928,2.91804565,3.78578225,3.45876993,4.44182823,4.39694352,4.66577811,4.27737835
3.90308886,3.87811457,3.50560984,0.00000000,3.05626112,3.15306970,3.39320427,3.56586242,3.58156941,3.69248846,4.82497044,4.36585438,4.86971365
3.78954283,4.33821585,2.87391516,3.05626112,0.00000000,3.52882853,3.21538857,3.65005581,2.24634455,4.02692011,4.12704881,4.88625858,4.51096111
3.87568863,3.94679232,3.81765928,3.15306970,3.52882853,0.00000000,3.06376956,3.22346699,3.78818748,3.54744189,4.21270516,3.93745259,4.66391770
2.99913898,3.78817482,2.91804565,3.39320427,3.21538857,3.06376956,0.00000000,3.28050491,3.04344119,3.20556226,3.57733253,3.65065016,3.20382204
4.57148716,4.54372885,3.78578225,3.56586242,3.65005581,3.22346699,3.28050491,0.00000000,3.06365591,3.68335620,4.33124195,4.03036939,4.04928283
4.23984332,4.87442880,3.45876993,3.58156941,2.24634455,3.78818748,3.04344119,3.06365591,0.00000000,3.57843743,3.50920361,4.39434250,3.87123438
4.33839273,4.49428814,4.44182823,3.69248846,4.02692011,3.54744189,3.20556226,3.68335620,3.57843743,0.00000000,3.56783476,3.27348307,4.18003176
4.53187384,4.96457440,4.39694352,4.82497044,4.12704881,4.21270516,3.57733253,4.33124195,3.50920361,3.56783476,0.00000000,3.58807384,3.65792967
4.59955219,4.58914230,4.66577811,4.36585438,4.88625858,3.93745259,3.65065016,4.03036939,4.39434250,3.27348307,3.58807384,0.00000000,3.36088166
4.42873677,4.90461227,4.27737835,4.86971365,4.51096111,4.66391770,3.20382204,4.04928283,3.87123438,4.18003176,3.65792967,3.36088166,0.00000000
0.00000000,3.51978154,3.15486177,3.64459613,3.92573462,4.02697105,3.27357025,4.87135223,4.10655679,4.08551997,4.43734705,4.20096860,4.68860255
3.51978154,0.00000000,3.75480319,3.14895543,4.43364403,3.51131427,4.11953957,3.95391190,4.76276672,4.33547357,4.53086858,4.38549267,5.17409831
3.15486177,3.75480319,0.00000000,3.73599519,3.05367693,3.80671317,3.15236585,3.81196857,3.44165649,4.53230109,3.96289158,4.23932280,4.22304926
3.64459613,3.14895543,3.73599519,0.00000000,3.63489063,3.13676840,3.79697984,3.89825371,4.10972431,3.73262870,4.99324684,4.52721747,5.12999804
3.92573462,4.43364403,3.05367693,3.63489063,0.00000000,3.63147841,3.00620803,3.60574825,2.36801354,3.75282879,3.72542753,4.35868706,4.37125311
4.02697105,3.51131427,3.80671317,3.13676840,3.63147841,0.00000000,3.27643680,3.16566804,3.83774497,3.49500367,4.15571461,4.14980902,4.92575711
3.27357025,4.11953957,3.15236585,3.79697984,3.00620803,3.27643680,0.00000000,3.46290181,2.64088991,3.19607391,3.11945134,3.32327483,3.49466554
4.87135223,3.95391190,3.81196857,3.89825371,3.60574825,3.16566804,3.46290181,0.00000000,3.49223794,3.88848555,4.06884614,4.01999186,4.52332198
4.10655679,4.76276672,3.44165649,4.10972431,2.36801354,3.83774497,2.64088991,3.49223794,0.00000000,3.17783822,3.27209008,3.71539488,3.74549412
4.08551997,4.33547357,4.53230109,3.73262870,3.75282879,3.49500367,3.19607391,3.88848555,3.17783822,0.00000000,3.42957153,3.33546394,4.02746043
4.43734705,4.53086858,3.96289158,4.99324684,3.72542753,4.15571461,3.11945134,4.06884614,3.27209008,3.42957153,0.00000000,3.33606173,3.30177752
4.20096860,4.38549267,4.23932280,4.52721747,4.35868706,4.14980902,3.32327483,4.01999186,3.71539488,3.33546394,3.33606173,0.00000000,2.72717368
4.68860255,5.17409831,4.22304926,5.12999804,4.37125311,4.92575711,3.49466554,4.52332198,3.74549412,4.02746043,3.30177752,2.72717368,0.00000000
0.00000000,3.64369609,3.01700118,4.50576578,3.85653699,4.35450335,3.44287831,5.23729077,4.30252304,4.80525880,4.92654349,4.85734575,4.34776362
3.64369609,0.00000000,3.40808527,4.26994478,4.53214170,3.93954254,4.21922306,4.74218272,4.80006177,4.80115777,4.90868349,4.55079707,4.99859309
3.01700118,3.40808527,0.00000000,4.01586791,3.11842713,3.95712525,3.51183719,4.24912905,3.70728529,4.85003105,4.46971308,4.67807043,4.40498584
4.50576578,4.26994478,4.01586791,0.00000000,3.42047629,3.54695282,4.05884290,4.12719140,3.83735533,4.22173104,5.26822658,4.64489593,4.93160424
3.85653699,4.53214170,3.11842713,3.42047629,0.00000000,3.70219584,2.88277053,3.89020824,2.70034338,4.18064902,4.27197133,4.60828960,4.17070754
4.35450335,3.93954254,3.95712525,3.54695282,3.70219584,0.00000000,3.00937166,3.25341209,3.82088788,4.04773262,4.29840271,3.63012956,4.44596746
3.44287831,4.21922306,3.51183719,4.05884290,2.88277053,3.00937166,0.00000000,3.61696110,2.73237202,3.77469518,3.69409431,3.55961585,3.25534550
5.23729077,4.74218272,4.24912905,4.12719140,3.89020824,3.25341209,3.61696110,0.00000000,3.31638331,3.99193632,4.38752973,4.06189545,4.43866695
4.30252304,4.80006177,3.70728529,3.83735533,2.70034338,3.82088788,2.73237202,3.31638331,0.00000000,3.46374746,3.95835945,3.94213577,3.63237115
4.80525880,4.80115777,4.85003105,4.22173104,4.18064902,4.04773262,3.77469518,3.99193632,3.46374746,0.00000000,3.70755600,3.06334070,3.71808861
4.92654349,4.90868349,4.46971308,5.26822658,4.27197133,4.29840271,3.69409431,4.38752973,3.95835945,3.70755600,0.00000000,3.06145573,3.52315652
4.85734575,4.55079707,4.67807043,4.64489593,4.60828960,3.63012956,3.55961585,4.06189545,3.94213577,3.06334070,3.06145573,0.00000000,3.24936997
4.34776362,4.99859309,4.40498584,4.93160424,4.17070754,4.44596746,3.25534550,4.43866695,3.63237115,3.71808861,3.52315652,3.24936997,0.00000000
0.00000000,3.26692503,3.17837781,3.47407363,3.46961419,3.30134620,2.23549567,4.30165088,3.33281721,4.32656253,4.14472517,4.70943349,4.42838689
3.26692503,0.00000000,3.60394593,3.22391885,4.02162331,2.80070112,3.22283201,3.58344559,4.10829492,4.40031660,4.67292943,4.56519657,5.04717098
3.17837781,3.60394593,0.00000000,3.64687255,3.21793643,4.05736885,2.91549789,3.72306416,3.07422000,4.85948685,4.35028748,5.13407971,4.51753955
3.47407363,3.22391885,3.64687255,0.00000000,3.59526852,3.01652445,3.38235830,3.46845246,3.43512368,3.83925729,4.70928853,4.71555401,5.10732237
3.46961419,4.02162331,3.21793643,3.59526852,0.00000000,3.69139684,3.04323499,3.90301734,2.58382418,4.42038252,3.69354744,5.09567653,4.63513957
3.30134620,2.80070112,4.05736885,3.01652445,3.69139684,0.00000000,3.16688278,3.24090285,3.90538478,3.75019482,4.41288899,4.30219498,4.96401951
2.23549567,3.22283201,2.91549789,3.38235830,3.04323499,3.16688278,0.00000000,3.33710418,2.40009849,3.64231077,3.24335596,3.97876201,3.47234261
4.30165088,3.58344559,3.72306416,3.46845246,3.90301734,3.24090285,3.33710418,0.00000000,3.21316928,3.79479953,4.24947636,4.05677500,4.32443483
3.33281721,4.10829492,3.07422000,3.43512368,2.58382418,3.90538478,2.40009849,3.21316928,0.00000000,3.48283093,3.08262894,4.29081870,3.77399441
4.32656253,4.40031660,4.85948685,3.83925729,4.42038252,3.75019482,3.64231077,3.79479953,3.48283093,0.00000000,3.56948209,3.71225807,4.16207407
4.14472517,4.67292943,4.35028748,4.70928853,3.69354744,4.41288899,3.24335596,4.24947636,3.08262894,3.56948209,0.00000000,3.61417204,3.16402833
4.70943349,4.56519657,5.13407971,4.71555401,5.09567653,4.30219498,3.97876201,4.05677500,4.29081870,3.71225807,3.61417204,0.00000000,3.29504121
4.42838689,5.04717098,4.51753955,5.10732237,4.63513957,4.96401951,3.47234261,4.32443483,3.77399441,4.16207407,3.16402833,3.29504121,0.00000000
0.00000000,3.61390495,3.65009703,4.00054444,3.71835473,4.02163762,3.24189340,4.98739450,4.28823081,4.24686172,4.03849579,4.39027513,4.17526410
3.61390495,0.00000000,3.76035138,3.82173625,4.20526589,3.40347006,4.10524624,3.77168106,4.74795166,4.57551154,4.72707087,4.33931430,4.94193150
3.65009703,3.76035138,0.00000000,3.81176914,3.50215570,4.02079973,3.53797809,4.16011487,3.64246052,4.63417232,4.45916528,4.46067579,4.04011996
4.00054444,3.82173625,3.81176914,0.00000000,3.88535213,3.47185573,3.87453717,4.51651946,4.17125305,3.97401516,4.98626136,4.56481641,4.84528712
3.71835473,4.20526589,3.50215570,3.88535213,0.00000000,3.67095814,3.11649295,4.06793438,2.76317707,4.07333400,4.02696673,4.51309699,3.94356968
4.02163762,3.40347006,4.02079973,3.47185573,3.67095814,0.00000000,3.34155081,3.63823466,3.96829058,3.59335914,4.47007485,4.03778804,4.57196803
3.24189340,4.10524624,3.53797809,3.87453717,3.11649295,3.34155081,0.00000000,3.63994081,2.94734049,3.12057605,3.08273977,3.09845354,2.69716091
4.98739450,3.77168106,4.16011487,4.51651946,4.06793438,3.63823466,3.63994081,0.00000000,3.61083571,3.93265474,4.32703730,4.03766114,4.08534983
4.28823081,4.74795166,3.64246052,4.17125305,2.76317707,3.96829058,2.94734049,3.61083571,0.00000000,3.31594924,3.10680411,3.79191435,3.21316745
4.24686172,4.57551154,4.63417232,3.97401516,4.07333400,3.59335914,3.12057605,3.93265474,3.31594924,0.00000000,3.45407362,3.32836030,3.27414245
4.03849579,4.72707087,4.45916528,4.98626136,4.02696673,4.47007485,3.08273977,4.32703730,3.10680411,3.45407362,0.00000000,3.17933470,2.70692439
4.39027513,4.33931430,4.46067579,4.56481641,4.51309699,4.03778804,3.09845354,4.03766114,3.79191435,3.32836030,3.17933470,0.00000000,3.06102557
4.17526410,4.94193150,4.04011996,4.84528712,3.94356968,4.57196803,2.69716091,4.08534983,3.21316745,3.27414245,2.70692439,3.06102557,0.00000000
0.00000000,3.56739328,3.53556286,3.74584269,3.41046932,4.00637644,2.90830452,5.00108198,4.31181360,4.12445469,4.16459024,4.47296943,4.48532630
3.56739328,0.00000000,3.80448308,3.56248629,4.06572263,3.56676030,3.82113204,4.39165892,5.10928569,4.65860049,4.81829155,4.57064649,5.02951578
3.53556286,3.80448308,0.00000000,3.63813489,2.86122366,4.19889995,3.63675551,4.07329324,3.75220219,4.83038849,4.49945281,5.01531718,4.66100926
3.74584269,3.56248629,3.63813489,0.00000000,3.37768668,3.16606530,3.54254159,3.96959149,4.10760083,3.67040793,4.80652963,4.25177116,4.79256247
3.41046932,4.06572263,2.86122366,3.37768668,0.00000000,3.65103210,2.88652065,3.96206334,2.70009146,4.05871721,3.96154163,4.70818669,4.24441707
4.00637644,3.56676030,4.19889995,3.16606530,3.65103210,0.00000000,2.94445194,3.27945333,3.86158999,3.52273038,4.21856362,4.04973942,4.59085538
2.90830452,3.82113204,3.63675551,3.54254159,2.88652065,2.94445194,0.00000000,3.78368251,3.16916577,3.38254904,3.62724653,3.82381585,3.38968098
5.00108198,4.39165892,4.07329324,3.96959149,3.96206334,3.27945333,3.78368251,0.00000000,3.36035283,3.93469394,4.35012330,4.49823242,4.37424311
4.31181360,5.10928569,3.75220219,4.10760083,2.70009146,3.86158999,3.16916577,3.36035283,0.00000000,3.39765361,3.49499141,4.42470860,3.78735143
4.12445469,4.65860049,4.83038849,3.67040793,4.05871721,3.52273038,3.38254904,3.93469394,3.39765361,0.00000000,3.42388388,3.41104263,3.99609615
4.16459024,4.81829155,4.49945281,4.80652963,3.96154163,4.21856362,3.62724653,4.35012330,3.49499141,3.42388388,0.00000000,3.50348079,3.50539182
4.47296943,4.57064649,5.01531718,4.25177116,4.70818669,4.04973942,3.82381585,4.49823242,4.42470860,3.41104263,3.50348079,0.00000000,3.09556822
4.48532630,5.02951578,4.66100926,4.79256247,4.24441707,4.59085538,3.38968098,4.37424311,3.78735143,3.99609615,3.50539182,3.09556822,0.00000000
0.00000000,3.50046244,3.31780632,4.19330820,4.05468651,4.50435925,3.39452864,5.02719075,4.38920621,4.57962825,4.44341343,4.81542891,4.57543692
3.50046244,0.00000000,3.33435203,3.53306610,4.63516929,3.89282841,3.96284953,4.45064753,4.85715982,4.62882285,4.83191029,4.56104095,4.90504009
3.31780632,3.33435203,0.00000000,3.79169781,3.73161056,4.20358836,3.19732641,4.23534857,3.92524963,4.65003799,4.06428374,4.76041848,4.19330342
4.19330820,3.53306610,3.79169781,0.00000000,3.12960059,3.26620382,3.43741695,3.53120795,3.72774957,3.47785993,4.84068552,4.52313149,4.87086261
4.05468651,4.63516929,3.73161056,3.12960059,0.00000000,3.77668992,3.01422675,3.77870725,2.86398535,3.66143641,4.29206347,5.01261955,4.33156390
4.50435925,3.89282841,4.20358836,3.26620382,3.77668992,0.00000000,3.25557419,3.06713789,3.80125011,3.50165646,4.43247030,4.03320562,4.83507102
3.39452864,3.96284953,3.19732641,3.43741695,3.01422675,3.25557419,0.00000000,3.28193532,2.59809519,3.24191410,3.18704219,3.87624298,3.21238285
5.02719075,4.45064753,4.23534857,3.53120795,3.77870725,3.06713789,3.28193532,0.00000000,3.35544516,3.67825273,4.14207340,4.12278527,4.35085949
4.38920621,4.85715982,3.92524963,3.72774957,2.86398535,3.80125011,2.59809519,3.35544516,0.00000000,3.06077248,3.37321888,4.18665027,3.81865184
4.57962825,4.62882285,4.65003799,3.47785993,3.66143641,3.50165646,3.24191410,3.67825273,3.06077248,0.00000000,3.85869546,3.78508527,4.48803365
4.44341343,4.83191029,4.06428374,4.84068552,4.29206347,4.43247030,3.18704219,4.14207340,3.37321888,3.85869546,0.00000000,3.25793798,3.52118113
4.81542891,4.56104095,4.76041848,4.52313149,5.01261955,4.03320562,3.87624298,4.12278527,4.18665027,3.78508527,3.25793798,0.00000000,3.49404645
4.57543692,4.90504009,4.19330342,4.87086261,4.33156390,4.83507102,3.21238285,4.35085949,3.81865184,4.48803365,3.52118113,3.49404645,0.00000000
0.00000000,3.62498870,3.19221753,4.12231766,3.57080128,4.12479447,3.06842039,4.70737614,3.92984433,4.11519730,3.72063210,4.01567325,3.61345579
3.62498870,0.00000000,3.65144674,4.35608371,4.71108959,4.24270877,4.31585322,4.50892160,4.68004579,4.41381869,4.55384740,4.26236311,4.84975449
3.19221753,3.65144674,0.00000000,3.99239134,3.42862323,4.20504070,3.20205776,3.97842805,3.57568840,4.39678706,3.96948007,4.25841685,3.90089151
4.12231766,4.35608371,3.99239134,0.00000000,3.55160918,3.56288773,4.03341049,3.65765107,3.88594316,3.30906062,4.64199317,4.05147695,4.60642479
3.57080128,4.71108959,3.42862323,3.55160918,0.00000000,4.17080288,3.00025900,3.75391507,2.79920469,3.62845482,3.88441301,4.57427360,4.01211685
4.12479447,4.24270877,4.20504070,3.56288773,4.17080288,0.00000000,3.42277053,3.10393651,4.01474624,3.24412117,4.22871099,3.38240287,4.38580780
3.06842039,4.31585322,3.20205776,4.03341049,3.00025900,3.42277053,0.00000000,3.28775053,2.69876635,3.37185089,3.00829190,3.36868606,2.72077166
4.70737614,4.50892160,3.97842805,3.65765107,3.75391507,3.10393651,3.28775053,0.00000000,3.40511116,3.22071325,4.20304692,3.69290464,4.23648426
3.92984433,4.68004579,3.57568840,3.88594316,2.79920469,4.01474624,2.69876635,3.40511116,0.00000000,3.08126010,2.96332140,3.97765193,3.51560014
4.11519730,4.41381869,4.39678706,3.30906062,3.62845482,3.24412117,3.37185089,3.22071325,3.08126010,0.00000000,3.51612228,3.16797714,3.97895774
3.72063210,4.55384740,3.96948007,4.64199317,3.88441301,4.22871099,3.00829190,4.20304692,2.96332140,3.51612228,0.00000000,3.72471569,3.07549727
4.01567325,4.26236311,4.25841685,4.05147695,4.57427360,3.38240287,3.36868606,3.69290464,3.97765193,3.16797714,3.72471569,0.00000000,3.74960015
3.61345579,4.84975449,3.90089151,4.60642479,4.01211685,4.38580780,2.72077166,4.23648426,3.51560014,3.97895774,3.07549727,3.74960015,0.00000000
0.00000000,4.20523929,3.87560937,4.09089156,3.90120193,4.25461276,3.12672155,4.96159828,4.22881674,4.56444042,3.93669571,4.61334697,3.78045715
4.20523929,0.00000000,3.83825189,3.48572927,4.40614332,3.42876484,3.97115627,3.98881340,4.90909021,4.79719621,5.00996015,4.27156596,4.33834618
3.87560937,3.83825189,0.00000000,4.01094149,3.92520708,4.17876389,3.78122204,4.12297114,4.06960649,4.97982760,4.82296725,4.69130755,4.07654309
4.09089156,3.48572927,4.01094149,0.00000000,3.33180030,3.18356579,3.69869519,3.80226950,3.84752604,3.63502267,4.76353329,4.39638546,4.38417192
3.90120193,4.40614332,3.92520708,3.33180030,0.00000000,3.89533307,3.01726647,3.87227992,2.82055375,4.02033245,3.80827958,4.89756250,3.83705658
4.25461276,3.42876484,4.17876389,3.18356579,3.89533307,0.00000000,3.36613446,3.17003548,3.99604725,3.83681976,4.26792174,4.05632763,4.18743174
3.12672155,3.97115627,3.78122204,3.69869519,3.01726647,3.36613446,0.00000000,3.52548931,3.25306494,3.79490445,3.21248590,3.85178930,2.70595722
4.96159828,3.98881340,4.12297114,3.80226950,3.87227992,3.17003548,3.52548931,0.00000000,3.65370327,3.80443417,4.30950211,4.01834982,4.22146967
4.22881674,4.90909021,4.06960649,3.84752604,2.82055375,3.99604725,3.25306494,3.65370327,0.00000000,3.25103559,3.41238662,4.46749979,3.57617693
4.56444042,4.79719621,4.97982760,3.63502267,4.02033245,3.83681976,3.79490445,3.80443417,3.25103559,0.00000000,3.58482362,3.79493593,4.06163316
3.93669571,5.00996015,4.82296725,4.76353329,3.80827958,4.26792174,3.21248590,4.30950211,3.41238662,3.58482362,0.00000000,4.29937786,3.49765917
4.61334697,4.27156596,4.69130755,4.39638546,4.89756250,4.05632763,3.85178930,4.01834982,4.46749979,3.79493593,4.29937786,0.00000000,3.91499285
3.78045715,4.33834618,4.07654309,4.38417192,3.83705658,4.18743174,2.70595722,4.22146967,3.57617693,4.06163316,3.49765917,3.91499285,0.00000000
